"comment_id","comment_content"
"4187307097323005","回复@给你的小情情:宁波的 带我 想买p1的"
"4187318908780240","回复@豆沙_gc:！！！求拼单！！"
"4187777077431030","回复@白桃乌龙_:你要买哪个？私信我吧～"
"4187320683525086","天津天津！！！拼单啊？！[鼓掌] src=//h5.sinaimg.cn/m/emoticon/icon/default/d_guzhang-a35dfd4d70.png style=width:1em; height:1em;>"
"4187438102364374","回复@耀平v:图一?莆田"
"4188798760235307","回复@Xiao婷婷呦:我自己买了两个高光[允悲] src=//h5.sinaimg.cn/m/emoticon/icon/default/d_yunbei-9aa3c436a4.png style=width:1em; height:1em;>"
"4187320275451008","回复@荨梦迭:南京"
"4187290664787358","回复@吃货都是劳模:我拍了几次都是交易关闭付不了款  私信大王没回消息  [跪了] src=//h5.sinaimg.cn/m/emoticon/icon/default/d_guile-7b3e474f7f.png style=width:1em; height:1em;>"
"4187391592397083","回复@_黄悦宁:这里?拼图一"
"4187329206386035","回复@每天都在吃饭睡觉:拼拼拼！"
"4187374818579722","回复@最近患有小洁癖的豆豆哥:南京，想一起拼图一"
"4187346310012961","回复@鸡嗎c:燕郊想拼"
"4187346897645952","回复@vincysmilei:图一求拼"
"4187889753901784","回复@胡忠杰51483:一起拼单啊，不知道怎么弄"
"4187306782798166","回复@漫游者21:柳州的(?????????)"
"4187316136280559","回复@耀平v:图一，莆田！"
"4187418682974484","回复@我叫刘超人:我我我 沈阳滴?"
"4187411489074577","回复@KumaJam:南宁的！西大[doge] src=//h5.sinaimg.cn/m/emoticon/icon/others/d_doge-861403219c.png style=width:1em; height:1em;>"
"4187363858919526","陕西有没有拼单的啊  没有我一会儿再来"
"4187373119989257","回复@炸炸炸毛小公举:也是图一对吗[允悲] src=//h5.sinaimg.cn/m/emoticon/icon/default/d_yunbei-9aa3c436a4.png style=width:1em; height:1em;>"
"4187400693251072","Becca那个七色盘大家一定要买！！好看死了！！ 评论配图"
"4187380124630495","回复@_卖草鱼的鱼饼:我我我"
"4187870434572643","回复@KumaJam:贵港的可以加入吗[悲伤] src=//h5.sinaimg.cn/m/emoticon/icon/default/d_beishang-f8d6de06c8.png style=width:1em; height:1em;>"
"4187701974751239","回复@上帝的长夜没有尽期_:拼[憧憬] src=//h5.sinaimg.cn/m/emoticon/icon/default/d_xingxingyan-06a3ca0ae4.png style=width:1em; height:1em;>[憧憬] src=//h5.sinaimg.cn/m/emoticon/icon/default/d_xingxingyan-06a3ca0ae4.png style=width:1em; height:1em;>[憧憬] src=//h5.sinaimg.cn/m/emoticon/icon/default/d_xingxingyan-06a3ca0ae4.png style=width:1em; height:1em;>[嘻嘻] src=//h5.sinaimg.cn/m/emoticon/icon/default/d_xixi-813ededea2.png style=width:1em; height:1em;>！"
"4187370209529147","回复@给你的小情情:还拼么   宁波的"
"4187414522178192","回复@耀平v:福州！图一"
"4187307072109931","回复@KumaJam:隔壁柳州的[可爱] src=//h5.sinaimg.cn/m/emoticon/icon/default/d_keai-7a5bf88086.png style=width:1em; height:1em;>！"
"4187312307185216","回复@一颗发芽的豆芽菜:台州在这里！"
"4187316060942069","回复@肥仔呼呼:莆田的拼单"
"4187358100230222","回复@suitych_eng:可以和你一起拼吗？我是安徽的～"
"4187341679808107","回复@一只胖伊:怎么拼单 有点不太懂[二哈] src=//h5.sinaimg.cn/m/emoticon/icon/others/d_erha-0fecc90ac1.png style=width:1em; height:1em;>"
"4187350034815372","回复@与卿好:?vx 842755900"
"4187384751441091","回复@意迟迟__:好久啊"
"4187374805669973","回复@pass-珍爱小虫-沉迷虎鲸-烟仔:好啊[笑cry] src=//h5.sinaimg.cn/m/emoticon/icon/default/d_xiaoku-d320324f00.png style=width:1em; height:1em;>你拉吧我不会"
"4187309324432613","回复@WanGJiESHIWO:对? 要三个人? ? ?"
"4187559355056136","回复@one-day-lucy:啊啊啊啊啊我也岳阳的一起拼呀"
"4187397014632886","回复@鸡嗎c:拼"
"4187299187379661","回复@齐天大圣孙明昕:有有有想买粉底"
"4187314752539950","有ka修容吗"
"4187341427736402","回复@禾蓝lll:好的[污] src=//h5.sinaimg.cn/m/emoticon/icon/default/d_wu-12f8564d2b.png style=width:1em; height:1em;>"
"4187368783248175","回复@荨梦迭:无锡无锡?"
"4187360143487681","回复@KumaJam:???"
"4187438807711762","回复@Jiinn-:台州?"
"4195462963323481","回复@喜欢猴子喜欢马:没有，就在咸鱼找了个拼单的"
"4187439868215751","回复@Vivinanas:莆田，我也要一个，但还差一个[跪了] src=//h5.sinaimg.cn/m/emoticon/icon/default/d_guile-7b3e474f7f.png style=width:1em; height:1em;>"
"4187369319992647","图一什么时候上？"
"4187349183770489","天津天津天津天津！！！"
"4187293948408335","回复@与卿好:杭州带我！"
"4187350811079944","回复@齐天大圣孙明昕:加我一个[二哈] src=//h5.sinaimg.cn/m/emoticon/icon/others/d_erha-0fecc90ac1.png style=width:1em; height:1em;>[二哈] src=//h5.sinaimg.cn/m/emoticon/icon/others/d_erha-0fecc90ac1.png style=width:1em; height:1em;>[二哈] src=//h5.sinaimg.cn/m/emoticon/icon/others/d_erha-0fecc90ac1.png style=width:1em; height:1em;>"
"4187336634164208","回复@ffd_:好美呀"
"4187363338616148","回复@thurrim:??！！！！"
"4187329042318227","怎么拼单？直邮是啥？完了我老了[允悲] src=//h5.sinaimg.cn/m/emoticon/icon/default/d_yunbei-9aa3c436a4.png style=width:1em; height:1em;>"
"4187328865856502","回复@小胖妞呼唤正能量要瘦瘦瘦:啥群啊，我要进！"
"4187316464035667","回复@陈公子baby:中山求拉！"
"4187551608519575","回复@原来是毒蘑菇:济南！"
"4195470856780037","回复@喜欢猴子喜欢马:拼完了?"
"4187325099902766","回复@千姿姿啾:长沙的想拼单"
"4187818521046755","回复@荨梦迭:无锡求拼"
"4187436248735513","回复@ooppstur:完全OK的娥a"
"4187359089531252","回复@_黄悦宁:这里这里?"
"4187369043229105","回复@pass-珍爱小虫-沉迷虎鲸-烟仔:求拼图一眼影盘！"
"4187302874416631","回复@米兰苏mamie:我也要图一哈哈哈哈"
"4187345387414375","回复@KumaJam:有！我和朋友想买图一"
"4187576653345493","回复@千姿姿啾:长沙想拼啊"
"4187682390769773","回复@上帝的长夜没有尽期_:老家威海[doge] src=//h5.sinaimg.cn/m/emoticon/icon/others/d_doge-861403219c.png style=width:1em; height:1em;>"
"4187388295381004","@一小只KK大人"
"4187338688538221","回复@千姿姿啾:大家长沙的可以互相加一加拼个单四五个人差不多了 我这里已经够了 谢谢仙女们！"
"4187590607108316","回复@Lisasasasassss:成都！"
"4187388332780062","回复@阿巴巴妮妮:可以一起"
"4188081118707807","回复@池_温:济南拼吗"
"4187888474685519","回复@这个用户不太懂:我拼fair 怎么拼"
"4187457312367202","回复@齐天大圣孙明昕:拼图一！"
"4187374739380528","回复@炸炸炸毛小公举:这边凑齐了 三个 都是图一的眼影 然后……拉一个群详细讨论一下?"
"4187341364950782","不知道有没有台州的小仙女一起拼单呀? 评论配图"
"4187310516369974","广州求拼单，我发快递只要四块五"
"4187507656437985","回复@陈公子baby:广州！"
"4187378463345960","湘潭的有吗[污] src=//h5.sinaimg.cn/m/emoticon/icon/default/d_wu-12f8564d2b.png style=width:1em; height:1em;>"
"4187323740010387","回复@一条咸鱼也:fair"
"4187490670101189","后天考研！图1等我！"
"4187738859300176","有没有上海拼单的[好爱哦] src=//h5.sinaimg.cn/m/emoticon/icon/lxh/lxh_haoaio-93f6657665.png style=width:1em; height:1em;>[求关注] src=//h5.sinaimg.cn/m/emoticon/icon/lxh/lxh_qiuguanzhu-9953fab258.png style=width:1em; height:1em;>"
"4187489759094757","啥时候上"
"4187358498985039","回复@mmmjie:香港寄香港的话很快就能到啦，不用等两周"
"4187349015256423","回复@suitych_eng:加vx？"
"4187341508031458","回复@给你的小情情:怎么拼单[二哈] src=//h5.sinaimg.cn/m/emoticon/icon/others/d_erha-0fecc90ac1.png style=width:1em; height:1em;>[二哈] src=//h5.sinaimg.cn/m/emoticon/icon/others/d_erha-0fecc90ac1.png style=width:1em; height:1em;>我有点不太懂"
"4187402648140892","回复@陈公子baby:有有有广州的！"
"4187774657437225","回复@王雪雯-Ada:私信我吧，正好我要买becca～"
"4187317717359306","回复@poppy何大北:要拼嘛[笑cry] src=//h5.sinaimg.cn/m/emoticon/icon/default/d_xiaoku-d320324f00.png style=width:1em; height:1em;>[笑cry] src=//h5.sinaimg.cn/m/emoticon/icon/default/d_xiaoku-d320324f00.png style=width:1em; height:1em;>"
"4187336604756520","回复@梦嘚儿梦嘚儿小梦嘚儿:我也想拼 我也在保定 [小黄人剪刀手] src=//h5.sinaimg.cn/m/emoticon/icon/movies/minions_jiandaoshou-092061dac4.png style=width:1em; height:1em;>"
"4187370636467121","回复@给你的小情情:金华的拼单??"
"4187422583599260","回复@XUxWEI_:这里"
"4187309118906639","杭州有要拼的吗？？?"
"4187341528091154","回复@Lisasasasassss:成都！！"
"4187529479207826","回复@二锤怕不是个蠢蛋:呜啊——!!!"
"4187361443807820","回复@原来是毒蘑菇:山东烟台有要拼单的吗！！联系我！"
"4187465415461932","回复@鸡嗎c:石家庄的带一个不[并不简单] src=//h5.sinaimg.cn/m/emoticon/icon/default/d_bingbujiandan-e0c6936005.png style=width:1em; height:1em;>"
"4187333815095408","回复@凯特lipaa:我昨晚刚200+10订了一盘，还觉得贼便宜贼开心的，结果开心了不到12个小时？"
"4187376005229324","回复@thurrim:我！拉我进！"
"4187361741626003","回复@jw小公举:还不知道能不能直接寄香港呢，到时我问问[嘿哈]"
"4187472999004931","回复@不睡懒觉的猫:有！找了半天终于有安徽的了！"
"4187561872178076","回复@千姿姿啾:长沙的?"
"4187336382108255","回复@耀平v:本福州。我也要图一[喵喵] src=//h5.sinaimg.cn/m/emoticon/icon/others/d_miao-61fe2a7aaa.png style=width:1em; height:1em;>?"
"4187461238319173","大连拼单大连拼单大连拼单嘿"
"4187318648866126","回复@鸡嗎c:微信吗显示用户不存在咋"
"4187682252636547","回复@阿门_阿前有颗葡萄树:难道你也…[doge] src=//h5.sinaimg.cn/m/emoticon/icon/others/d_doge-861403219c.png style=width:1em; height:1em;>"
"4187325300298987","回复@winnie_Ye_:Here！"
"4187369919960762","回复@XUxWEI_:我公司寄好像省内6块省外8"
"4187534940058269","回复@聪明的pao子:我也想拼"
"4187354815789905","来来来，陕西有拼单的嘛～"
"4187359211500035","回复@拖住我偷心:广州的，一起"
"4187440405488387","回复@XUxWEI_:莆田?图一"
"4187388009301323","坐标山西 北方城市拼邮的来两个呀[抱抱] src=//h5.sinaimg.cn/m/emoticon/icon/default/d_baobao-b928ba5761.png style=width:1em; height:1em;>[抱抱] src=//h5.sinaimg.cn/m/emoticon/icon/default/d_baobao-b928ba5761.png style=width:1em; height:1em;>邮费10 邮费10"
"4187403935736421","回复@KumaJam:我也是 南宁！！！"
"4187320784099805","回复@鸡嗎c:天津可以吗[泪] src=//h5.sinaimg.cn/m/emoticon/icon/default/d_lei-1b4b02f8b1.png style=width:1em; height:1em;>[泪] src=//h5.sinaimg.cn/m/emoticon/icon/default/d_lei-1b4b02f8b1.png style=width:1em; height:1em;>"
"4187313783660791","天津的想要图一"
"4187395685407590","贵州有拼单吗？？？？图一的眼影高光好想买啊[允悲] src=//h5.sinaimg.cn/m/emoticon/icon/default/d_yunbei-9aa3c436a4.png style=width:1em; height:1em;>[允悲] src=//h5.sinaimg.cn/m/emoticon/icon/default/d_yunbei-9aa3c436a4.png style=width:1em; height:1em;>[允悲] src=//h5.sinaimg.cn/m/emoticon/icon/default/d_yunbei-9aa3c436a4.png style=width:1em; height:1em;>"
"4187318774576858","回复@winnie_Ye_:我武汉读书滴"
"4187449104289117","回复@_黄悦宁:等代王上新了我再私信大家[doge] src=//h5.sinaimg.cn/m/emoticon/icon/others/d_doge-861403219c.png style=width:1em; height:1em;>"
"4187400106287378","可以寄香港吗"
"4188160118175077","回复@漫游者21:桂林的！"
"4187397115865953","回复@齐天大圣孙明昕:郑州的想拼啊，stila粉底，加我一个"
"4187336415724882","回复@允宅:我也在保定"
"4187538882608185","回复@耀平v:来拼"
"4187493857108958","合肥求拼！！江浙沪皖都能接受！！"
"4187347119260102","成都拼！"
"4187299484597407","@渐远Clyde  hhhhh！！！走了有了！"
"4187311309188031","杭州拼单了！！！"
"4187578426974460","回复@我一天吃七顿呢:大庆的求拼[好喜欢] src=//h5.sinaimg.cn/m/emoticon/icon/lxh/lxh_haoxihuan-8b4400e556.png style=width:1em; height:1em;>想要个七龙珠～"
"4196231334746371","回复@Eewiger:不好意思仙女  我买完了"
"4187358712384579","回复@Lisasasasassss:成都 西南交大[允悲] src=//h5.sinaimg.cn/m/emoticon/icon/default/d_yunbei-9aa3c436a4.png style=width:1em; height:1em;>"
"4187345656261274","回复@KumaJam:一起来吗朋友！一起花钱一起省钱 青秀区的朋友在这里"
"4187348499254591","回复@Pikapikapi:已私！"
"4187297454911927","回复@JiayiWang:长春的小伙伴抱紧了对方"
"4188081203062982","回复@南瓜pie大美女:济南！"
"4187334175923158","回复@vincysmilei:这里，带我一个"
"4187700091609315","回复@Lisasasasassss:要拼的一起哟！快来和我们吧！[握手] src=//h5.sinaimg.cn/m/emoticon/icon/others/h_woshou-5f420e76e3.png style=width:1em; height:1em;>[握手] src=//h5.sinaimg.cn/m/emoticon/icon/others/h_woshou-5f420e76e3.png style=width:1em; height:1em;>[握手] src=//h5.sinaimg.cn/m/emoticon/icon/others/h_woshou-5f420e76e3.png style=width:1em; height:1em;>"
"4187503927705037","回复@陈公子baby:举手广州的！"
"4187404275501326","回复@千姿姿啾:有！"
"4187780714467705","回复@我叫刘超人:我我我！"
"4187357954007774","回复@索牛妹:广州，可以跟你拼吗"
"4187584860810274","回复@陈公子baby:东莞求拉"
"4187524911708916","回复@_黄悦宁:这里需要图一?没拼过，怎么个拼法呀…有点不懂…有小仙女能给解释一下吗"
"4187512924424328","图一想知道库存大吗？"
"4187302383065955","海南拼单 邮费中通8"
"4187320347289480","回复@winnie_Ye_:想拼单图一的七色耶，武汉滴，求拼单"
"4187316161481888","没想到那么快…"
"4187597091284859","回复@上帝的长夜没有尽期_:同威海 想拼！！[太开心] src=//h5.sinaimg.cn/m/emoticon/icon/default/d_taikaixin-97bd3f82d6.png style=width:1em; height:1em;>[太开心] src=//h5.sinaimg.cn/m/emoticon/icon/default/d_taikaixin-97bd3f82d6.png style=width:1em; height:1em;>[太开心] src=//h5.sinaimg.cn/m/emoticon/icon/default/d_taikaixin-97bd3f82d6.png style=width:1em; height:1em;>"
"4187353179962014","要图一眼影盘，有朋友跟我拼吗"
"4187346176282879","回复@莱塔小姐:我这里只想要图一[允悲] src=//h5.sinaimg.cn/m/emoticon/icon/default/d_yunbei-9aa3c436a4.png style=width:1em; height:1em;> 你那边呢[允悲] src=//h5.sinaimg.cn/m/emoticon/icon/default/d_yunbei-9aa3c436a4.png style=width:1em; height:1em;>"
"4187351049714965","Becca高光[憧憬] src=//h5.sinaimg.cn/m/emoticon/icon/default/d_xingxingyan-06a3ca0ae4.png style=width:1em; height:1em;>"
"4187411322050595","回复@嘻嘻嘻嘻嘻少女:私我"
"4188542810664585","回复@筱雅酱的艾欧尼亚:厦门拼七龙珠！！！"
"4187348415120820","回复@winnie_Ye_:这里！！！！！"
"4187323673315599","回复@Pikapikapi:加我微信吧"
"4187337661573580","回复@thurrim:举手?"
"4187333861534251","回复@给你的小情情:带我一个 杭州的"
"4187338831357937","[泪] src=//h5.sinaimg.cn/m/emoticon/icon/default/d_lei-1b4b02f8b1.png style=width:1em; height:1em;>[泪] src=//h5.sinaimg.cn/m/emoticon/icon/default/d_lei-1b4b02f8b1.png style=width:1em; height:1em;>[泪] src=//h5.sinaimg.cn/m/emoticon/icon/default/d_lei-1b4b02f8b1.png style=width:1em; height:1em;>心碎成渣渣 图一210还觉得全网最低 已经订了几天了"
"4187327108310987","回复@齐天大圣孙明昕:有！"
"4188983166972084","回复@陈公子baby:广东求拉"
"4187390719907044","回复@荨梦迭:无锡?"
"4187334154456480","回复@最近患有小洁癖的豆豆哥:举手?我也是南京"
"4187347114907826","回复@齐天大圣孙明昕:郑州 拼啊 加我一个"
"4187307357597264","回复@thurrim:拼拼拼！"
"4187384448499018","@酥莉萝 快来图一我之前跟你说的那个圆盘只卖168了 到时候要抢"
"4187304224290679","回复@陈公子baby:广州的求拉"
"4187315049517865","回复@荨梦迭:无锡！??"
"4187682567605123","回复@阿门_阿前有颗葡萄树:巧了[哈哈] src=//h5.sinaimg.cn/m/emoticon/icon/default/d_haha-dd1c6d36cf.png style=width:1em; height:1em;>"
"4195460614651310","回复@喜欢猴子喜欢马:我已经买了，好看也好用，一定要买！"
"4187541173955620","回复@一桶啊一桶:可以啊 你是河南省的吗"
"4187807193234235","回复@Lisasasasassss:成都啊"
"4187318375634400","回复@凯特lipaa:。。。。另一盘组合盘350买的"
"4195390020746755","回复@陈公子baby:广州求求！！！"
"4187381374706565","想组个复旦财大同济拼单群2333"
"4187407940964256","回复@漫游者21:看私信"
"4187397815913003","珠海的有拼嗎"
"4187418992963584","回复@荨梦迭:无锡求拼！"
"4187381786153645","回复@suitych_eng:现在还可以拼吗？[馋嘴] src=//h5.sinaimg.cn/m/emoticon/icon/default/d_chanzui-01ee2388fd.png style=width:1em; height:1em;>"
"4187670235783937","回复@Jiinn-:要眉胶"
"4187379982019511","回复@求求你们别学了我跟不上了:我们私信！"
"4187759121680562","回复@我一天吃七顿呢:哈尔滨还有要七龙珠的可以私信我还可以带一盘到800"
"4187393580200459","会有becca吗！？[太开心] src=//h5.sinaimg.cn/m/emoticon/icon/default/d_taikaixin-97bd3f82d6.png style=width:1em; height:1em;>[太开心] src=//h5.sinaimg.cn/m/emoticon/icon/default/d_taikaixin-97bd3f82d6.png style=width:1em; height:1em;>[太开心] src=//h5.sinaimg.cn/m/emoticon/icon/default/d_taikaixin-97bd3f82d6.png style=width:1em; height:1em;>[太开心] src=//h5.sinaimg.cn/m/emoticon/icon/default/d_taikaixin-97bd3f82d6.png style=width:1em; height:1em;>"
"4187410827333532","什么时候上啊 好喜欢图1[鲜花] src=//h5.sinaimg.cn/m/emoticon/icon/others/w_xianhua-6efa26efdf.png style=width:1em; height:1em;>"
"4187861978393201","回复@winnie_Ye_:这里"
"4187150393758208","图一的是之前说清仓特价的那批吗！！！！！"
"4207279546747880","回复@陈公子baby:肇庆"
"4187388647160078","回复@poppy何大北:台州?"
"4187310767362745","回复@你九噢:再顺个92块钱的就够了"
"4187336613157838","回复@陈公子baby:广州的，想要七龙珠"
"4187348532876396","回复@_卖草鱼的鱼饼:我我我我"
"4187340073168706","回复@一巴过你黑壳:你这么一说我都想要！"
"4187315691512881","回复@荨梦迭:无锡！"
"4187326412650249","回复@_黄悦宁:我"
"4187291603317640","回复@一条咸鱼也:我我我"
"4187493270260481","回复@Shadowlies9:合肥的 一起拼吗？"
"4187348097466104","回复@_和平侠-:私我微信吧！！"
"4187346242894569","回复@上帝的长夜没有尽期_:你是威海的？[doge] src=//h5.sinaimg.cn/m/emoticon/icon/others/d_doge-861403219c.png style=width:1em; height:1em;>"
"4187427955941559","回复@原来是毒蘑菇:济南想拼"
"4187485166186756","回复@thurrim:拼！！看我！！！"
"4187323748400737","回复@原来是毒蘑菇:山东淄博的，能拉我入团嘛"
"4187373782586471","回复@September-2nd:有点想买的我"
"4187706701691933","回复@陈公子baby:广州求拉群！！"
"4187411355370621","回复@花生酱ganbare:私我加微信"
"4187411481793203","回复@陈公子baby:求拼!我是珠海的!"
"4187424269382081","回复@pass-珍爱小虫-沉迷虎鲸-烟仔:可以，坐等你们拉我"
"4187153334154681","江苏无锡的 拼单哦[哆啦A梦花心] src=//h5.sinaimg.cn/m/emoticon/icon/doraemon/dr_huaxin-52b613943f.png style=width:1em; height:1em;>"
"4187352069339280","陕西拼单"
"4187335669772785","回复@这个用户不太懂:成都！！p1！"
"4187559258947725","回复@给你一颗橙子皮皮皮:岳阳的朋友我们一起好么！！！"
"4187332417970100","回复@阿门_阿前有颗葡萄树:青岛+1"
"4187354615414295","回复@一个爱sehun的花仙子:我我我，我要stila fair"
"4187416040838976","回复@thurrim:我我！！！"
"4187297723043506","回复@jw小公举:哈哈哈可以的！?"
"4188737451779709","回复@小耗子的买买日志:海阳?你拼完了吗"
"4187346410503099","回复@pass-珍爱小虫-沉迷虎鲸-烟仔:我也是[笑cry] src=//h5.sinaimg.cn/m/emoticon/icon/default/d_xiaoku-d320324f00.png style=width:1em; height:1em;>[笑cry] src=//h5.sinaimg.cn/m/emoticon/icon/default/d_xiaoku-d320324f00.png style=width:1em; height:1em;>不过如果再出点别的388应该很容易凑"
"4187757062589497","回复@一个爱sehun的花仙子:还能拼吗 西安拼单"
"4187782664177130","回复@肥仔呼呼:有有有，图一泉州"
"4187547590506825","回复@千姿姿啾:衡阳想拼[污] src=//h5.sinaimg.cn/m/emoticon/icon/default/d_wu-12f8564d2b.png style=width:1em; height:1em;>"
"4187711289625966","回复@手机用户cws:拉个群吧。之前说评论里的群我都没找到"
"4187682437990839","回复@乱码znahxhjs:一起拼吗！！"
"4187308649444869","回复@WanGJiESHIWO:可以呀"
"4187356447146855","回复@凯特lipaa:260哭晕抢救不过来"
"4187455768352953","回复@陈公子baby:有！！！"
"4187342170602114","回复@晴晴晴晴晴田:简之珍选。"
"4187508143208705","回复@荨梦迭:南京！"
"4187703094731280","回复@激萌兔儿崽子:拼"
"4187381768464023","回复@花阴系兰舟:最好是复旦的。邯郸校区啊！"
"4187339682509381","回复@Pikapikapi:小仙女我也是天津的想拼单！"
"4126223778881913","哪里有卖[爱你] src=//h5.sinaimg.cn/m/emoticon/icon/default/d_aini-4a23c0524a.png style=width:1em; height:1em;>"
"4125348058557089","回复@TTTingStretchingBearrr:很棒"
"4125195301847063","回复@__陈17:这个柜几 好好看"
"4125215774781536","@谦虚一直是我最大的问题"
"4125184837136950","@Annnn姐儿  我比较喜欢这种调调的。或者性冷淡一点的"
"4129097712459718","@我语气很像你_"
"4125342056610041","@喜乐蒙meng"
"4125207713281521","太逊了"
"4125187878293932","回复@小何沿儿:简洁"
"4125361870498734","南方人看看了自己的江边，哇的哭了出来"
"4125200808886822","啊，吃的"
"4125208124022459","随手一拍就是风景hhh我才没有夸芋头呢[二哈] src=//h5.sinaimg.cn/m/emoticon/icon/others/d_erha-0fecc90ac1.png style=width:1em; height:1em;>[二哈] src=//h5.sinaimg.cn/m/emoticon/icon/others/d_erha-0fecc90ac1.png style=width:1em; height:1em;>[二哈] src=//h5.sinaimg.cn/m/emoticon/icon/others/d_erha-0fecc90ac1.png style=width:1em; height:1em;>"
"4125198024150585","回复@孤勇河豚:嗯！[可爱] src=//h5.sinaimg.cn/m/emoticon/icon/default/d_keai-7a5bf88086.png style=width:1em; height:1em;>"
"4125191187562974","此时你需要充电宝"
"4128043850850949","就我看到了图2悬崖上有人吗[二哈] src=//h5.sinaimg.cn/m/emoticon/icon/others/d_erha-0fecc90ac1.png style=width:1em; height:1em;>[二哈] src=//h5.sinaimg.cn/m/emoticon/icon/others/d_erha-0fecc90ac1.png style=width:1em; height:1em;>[二哈] src=//h5.sinaimg.cn/m/emoticon/icon/others/d_erha-0fecc90ac1.png style=width:1em; height:1em;>"
"4125184857769483","[二哈] src=//h5.sinaimg.cn/m/emoticon/icon/others/d_erha-0fecc90ac1.png style=width:1em; height:1em;>[二哈] src=//h5.sinaimg.cn/m/emoticon/icon/others/d_erha-0fecc90ac1.png style=width:1em; height:1em;>[二哈] src=//h5.sinaimg.cn/m/emoticon/icon/others/d_erha-0fecc90ac1.png style=width:1em; height:1em;>[二哈] src=//h5.sinaimg.cn/m/emoticon/icon/others/d_erha-0fecc90ac1.png style=width:1em; height:1em;>"
"4125882350566740","芋头你是去探了一次险吗[偷乐] src=//h5.sinaimg.cn/m/emoticon/icon/lxh/lxh_toule-d37aa91a7d.png style=width:1em; height:1em;>"
"4125199085058268","puerto rico真的好漂亮啊"
"4125192642824320","吓得我以为你要自拍"
"4125187005995513","凉爽~"
"4125196116095993","回复@Xiao小晓要坚持到最后_:哇～好棒"
"4125186992969873","亲亲芋头小可爱[微风] src=//h5.sinaimg.cn/m/emoticon/icon/others/w_weifeng-33be96b05d.png style=width:1em; height:1em;>[微风] src=//h5.sinaimg.cn/m/emoticon/icon/others/w_weifeng-33be96b05d.png style=width:1em; height:1em;>[喵喵] src=//h5.sinaimg.cn/m/emoticon/icon/others/d_miao-61fe2a7aaa.png style=width:1em; height:1em;>"
"4125184593872224","沙发[挤眼] src=//h5.sinaimg.cn/m/emoticon/icon/default/d_jiyan-feeb0a726c.png style=width:1em; height:1em;>[挤眼] src=//h5.sinaimg.cn/m/emoticon/icon/default/d_jiyan-feeb0a726c.png style=width:1em; height:1em;>[挤眼] src=//h5.sinaimg.cn/m/emoticon/icon/default/d_jiyan-feeb0a726c.png style=width:1em; height:1em;>"
"4125197063651450","在外面玩还不忘b站更视频  敬业的芋头sama爱你哦  手动比心[爱你] src=//h5.sinaimg.cn/m/emoticon/icon/default/d_aini-4a23c0524a.png style=width:1em; height:1em;>[爱你] src=//h5.sinaimg.cn/m/emoticon/icon/default/d_aini-4a23c0524a.png style=width:1em; height:1em;>[爱你] src=//h5.sinaimg.cn/m/emoticon/icon/default/d_aini-4a23c0524a.png style=width:1em; height:1em;>"
"4125392148864727","看的好饿，去吃饭了_(:з」∠)_"
"4125341712276332","回复@Xiao小晓要坚持到最后_:南京的小潘西[色] src=//h5.sinaimg.cn/m/emoticon/icon/default/d_huaxin-36e1b80629.png style=width:1em; height:1em;>"
"4125189472569253","回复@性感的大根君:加勒比海哦[挤眼] src=//h5.sinaimg.cn/m/emoticon/icon/default/d_jiyan-feeb0a726c.png style=width:1em; height:1em;>"
"4125189250002475","那。。。就憋拍了，克制自己[doge] src=//h5.sinaimg.cn/m/emoticon/icon/others/d_doge-861403219c.png style=width:1em; height:1em;>"
"4125200594915814","移动电源，你值得拥有"
"4125462706133763","不爱做饭的摄影师不是好旅行者( ?° ?? ?°)? 芋头么么哒～"
"4125189099163558","[二哈] src=//h5.sinaimg.cn/m/emoticon/icon/others/d_erha-0fecc90ac1.png style=width:1em; height:1em;>要是手抖发了自拍就完美了"
"4125185428360098","好漂亮"
"4125186376425385","小姐姐你有厨师和摄影师的能力"
"4125191455723589","难道我在意桌子上的吃的？[doge] src=//h5.sinaimg.cn/m/emoticon/icon/others/d_doge-861403219c.png style=width:1em; height:1em;>[doge] src=//h5.sinaimg.cn/m/emoticon/icon/others/d_doge-861403219c.png style=width:1em; height:1em;>[doge] src=//h5.sinaimg.cn/m/emoticon/icon/others/d_doge-861403219c.png style=width:1em; height:1em;>(我可能没救了)"
"4125196904764648","芋头好好旅游好好做饭啊~?"
"4125195851993692","芋头大大带我们看海哎！好开森！[太开心] src=//h5.sinaimg.cn/m/emoticon/icon/default/d_taikaixin-97bd3f82d6.png style=width:1em; height:1em;>[太开心] src=//h5.sinaimg.cn/m/emoticon/icon/default/d_taikaixin-97bd3f82d6.png style=width:1em; height:1em;>"
"4125207872087767","那片白菜……觉得好接地气[喵喵] src=//h5.sinaimg.cn/m/emoticon/icon/others/d_miao-61fe2a7aaa.png style=width:1em; height:1em;>"
"4125185180826574","前三，么么哒"
"4125195054947806","wow 美美美"
"4125195315106104","好漂亮好漂亮！今晚南京也挺美的，虽然这会儿又下雨了…… 评论配图"
"4125215921483585","回复@爱做饭的芋头SAMA:嗨呀小姐姐回复我了[憧憬] src=//h5.sinaimg.cn/m/emoticon/icon/default/d_xingxingyan-06a3ca0ae4.png style=width:1em; height:1em;>"
"4125219285702524","芋头大片一般的摄影技术[憧憬] src=//h5.sinaimg.cn/m/emoticon/icon/default/d_xingxingyan-06a3ca0ae4.png style=width:1em; height:1em;>"
"4188914878525724","@黄橙蓝- @喵了个秋咪 下次去试这个"
"4188161096046250","好喜欢这个臀腿训练 想念练成残废的感觉"
"4188196437389181","[good] src=//h5.sinaimg.cn/m/emoticon/icon/others/h_good-644bcfa993.png style=width:1em; height:1em;>"
"4188617825561254","小动作好看"
"4188599114612613","@布朗尼呐呐呐"
"4126314346996485","@ChenNann-"
"4126826231696086","回复@就是一只狍子嘛:哈哈哈哈"
"4126185120415720","@Emmaaaa__"
"4126224605273763","主播 我点哪里可以送火箭?"
"4126185107285719","@瘦蛋白   这不是那个终极一家那个achord"
"4126251327549460","好尬啊哈哈哈哈哈"
"4126185569077427","@祺实很简单qizzy 哈哈哈哈哈哈哈哈哈哈哈哈哈哈哈我tm要笑晕了"
"4126192666234786","不穷不穷就是脑壳卡嘛！ 查看图片 //@赤道少女:尬穿屏幕……//@番茄市长:……//@粉扑扑oO:哈哈哈哈哈哈哈哈啊哈哈啊哈我大清早笑醒了别让大家觉得台湾人都这么智障啊哈哈哈哈哈哈//@yenom渣肘:幽默"
"4126193546582390","大家都是中国人 何必要这样呢  让外国人看见多不好"
"4126197313042526","@向我靠拢带欢呼  来 陪我一起尴尬哈哈哈哈"
"4126261418658163","这别是个傻子吧……"
"4126188739796547","尴尬，台湾人脑子确实很穷"
"4126282528433807","@前之之 ?好迷"
"4126191634549877","@Gz_Rexsoo 好尴尬"
"4126187502955391","@快叫我田螺姑娘"
"4126185917151644","@袁卷卷不熬夜 这才别是个傻子呢"
"4126462837485541","@皮皮7呀 @三中美少女 @大海啊骏马 @糖水罐儿"
"4126190921192118","尬富[笑cry] src=//h5.sinaimg.cn/m/emoticon/icon/default/d_xiaoku-d320324f00.png style=width:1em; height:1em;>[笑cry] src=//h5.sinaimg.cn/m/emoticon/icon/default/d_xiaoku-d320324f00.png style=width:1em; height:1em;>"
"4126187746089073","一打开以为他下巴上粘上了米饭粒粒[允悲] src=//h5.sinaimg.cn/m/emoticon/icon/default/d_yunbei-9aa3c436a4.png style=width:1em; height:1em;>[允悲] src=//h5.sinaimg.cn/m/emoticon/icon/default/d_yunbei-9aa3c436a4.png style=width:1em; height:1em;>"
"4126186277508704","水平没有快手高[允悲] src=//h5.sinaimg.cn/m/emoticon/icon/default/d_yunbei-9aa3c436a4.png style=width:1em; height:1em;>[允悲] src=//h5.sinaimg.cn/m/emoticon/icon/default/d_yunbei-9aa3c436a4.png style=width:1em; height:1em;>"
"4126316439334110","@野生珍妮"
"4126217084766520","好吧！你并不穷，只是有点智障"
"4126208377477103","Gucci为啥子用钱买不到？？@蝉鸣远夏"
"4126209518821893","@邓中楠的小公主 @一枚板蓝根 @LVKUII"
"4126193550782873","早上四点看见"
"4126228250480841","纹身不错@-我的猫呢- 不过有点像前久那个小学生的视频"
"4126184293997973","是是是"
"4126186227364129","@愚人丨 看的尴尬症都犯了"
"4126189473428019","回复@升级版牛奶妹:她是故意黑这个人"
"4126189088451217","回复@大白梨梨梨梨:[微笑] src=//h5.sinaimg.cn/m/emoticon/icon/default/d_hehe-039d0a6a8a.png style=width:1em; height:1em;>"
"4126195359117780","厉害厉害"
"4126205068459146","回复@lily莉莉莉莉lily:妹子，送你上去，哈哈哈"
"4126212118286807","剪刀竟然没镶钻石，差评！"
"4126196578877649","没眼看，隔着屏幕我尴尬癌都要犯了"
"4126195404062511","我记得台湾人挺穷的，比我们贵州还要穷[doge] src=//h5.sinaimg.cn/m/emoticon/icon/others/d_doge-861403219c.png style=width:1em; height:1em;>"
"4126186994663516","我真的还蛮想知道剪刀什么牌子的 感觉很快 很好用[喵喵] src=//h5.sinaimg.cn/m/emoticon/icon/others/d_miao-61fe2a7aaa.png style=width:1em; height:1em;>"
"4126215272690059","@大阳呀黑黑"
"4126276161328770","这个牌子有玩摄影的朋友都知道吧 哈哈哈哈哈"
"4126221598345441","@stefimayuau"
"4126184968948812","智障的不行 还骨气 你不是中国人吗"
"4126184667067922","这是啥？"
"4126200064642802","为了什么？"
"4126192846065782","哈哈哈哈哈哈哈为啥不顺嘴喊两句双击666，剪这么半天加起来价格还不如快手老铁砸辆车，笑死了哈哈哈哈哈//@赤道少女:尬穿屏幕……//@番茄市长:……//@粉扑扑oO:哈哈哈哈哈哈哈哈啊哈哈啊哈我大清早笑醒了别让大家觉得台湾人都这么智障啊哈哈哈哈哈哈//@yenom渣肘:幽默"
"4126205755675781","回复@升级版牛奶妹:？？？？？你认真的吗？珍妮是故意的啊"
"4126245484196887","回复@-老虎油兔:hhhh我今天也刚看这个 笑出猪叫声"
"4126292566326607","[二哈] src=//h5.sinaimg.cn/m/emoticon/icon/others/d_erha-0fecc90ac1.png style=width:1em; height:1em;>靠这样的视频火了一把，服气啊"
"4126190031869067","@吃栗子不吃梨子"
"4126184389907585","台湾人不仅穷还没有脑子"
"4126397457133777","到最后 竟然是卖剪刀的"
"4126192954899173","电脑看没声音，我以为他是要抵制韩货美货啥的"
"4126188554687118","@蘑菇蘑菇它不会开花儿"
"4126187389376950","大陆同胞并没有嘲笑跟普通大陆人民一样勤劳善良的普通台湾人民，我们嘲笑的是台湾这些眼界穷、视野穷、思想穷、品德穷的愚人。"
"4126185308397081","[微笑] src=//h5.sinaimg.cn/m/emoticon/icon/default/d_hehe-039d0a6a8a.png style=width:1em; height:1em;>当初那个茶叶蛋的事情乡民都笑死大陆人了我们这边人笑你们就不成了么弱智慢慢剪 //@赤道少女:尬穿屏幕……//@番茄市长:……//@粉扑扑oO:哈哈哈哈哈哈哈哈啊哈哈啊哈我大清早笑醒了别让大家觉得台湾人都这么智障啊哈哈哈哈哈哈//@yenom渣肘:幽默"
"4126210227457477","一口一个耶的，他是在表演freestyle麽"
"4126192229416940","回复@祺实很简单qizzy:悲伤什么"
"4126202236860162","哦，我尽早还在听他的歌..."
"4126550796477774","@周周周大方  //@赤道少女:尬穿屏幕……//@番茄市长:……//@粉扑扑oO:哈哈哈哈哈哈哈哈啊哈哈啊哈我大清早笑醒了别让大家觉得台湾人都这么智障啊哈哈哈哈哈哈//@yenom渣肘:幽默"
"4126302040945921","这些衣服我都看不上 但是剪刀质量还不错哈哈哈 //@赤道少女:尬穿屏幕……//@番茄市长:……//@粉扑扑oO:哈哈哈哈哈哈哈哈啊哈哈啊哈我大清早笑醒了别让大家觉得台湾人都这么智障啊哈哈哈哈哈哈//@yenom渣肘:幽默"
"4126225646105658","@wyhandly 我抱着很严肃的心态看看得我真的笑了"
"4126226055999041","@不撸不舒服喵斯基"
"4126387524695338","@恩欧尼Ooo"
"4126186571516255","@巴勒斯坦还有眼泪  尴尬"
"4126240795276166","长得像邓超哦[笑cry] src=//h5.sinaimg.cn/m/emoticon/icon/default/d_xiaoku-d320324f00.png style=width:1em; height:1em;>"
"4126400733204843","回复@TvT___HYX:拿着帽子我就开始笑了"
"4126288929446117","像一个发脾气的小孩子"
"4126293366857171","等到台湾不用跪舔美国爸爸，自己的军队可以保护自己的女人和孩子，再来跟我们谈「骨气」两个字好么？！[微笑] src=//h5.sinaimg.cn/m/emoticon/icon/default/d_hehe-039d0a6a8a.png style=width:1em; height:1em;>//@赤道少女:尬穿屏幕……//@番茄市长:……//@粉扑扑oO:哈哈哈哈哈哈哈哈啊哈哈啊哈我大清早笑醒了别让大家觉得台湾人都这么智障啊哈哈哈哈哈哈//@yenom渣肘:幽默"
"4126294830426317","[doge] src=//h5.sinaimg.cn/m/emoticon/icon/others/d_doge-861403219c.png style=width:1em; height:1em;>@威为维未畏危"
"4126186835316998","最近都喜歡摔東西剪東西？@野生珍妮 也有這樣的視頻"
"4126200677157564","我只感觉到了快要穿过屏幕的口气[二哈] src=//h5.sinaimg.cn/m/emoticon/icon/others/d_erha-0fecc90ac1.png style=width:1em; height:1em;>"
"4126189276792254","@cydsEbz"
"4126205382681380","缝缝补补又一年[doge] src=//h5.sinaimg.cn/m/emoticon/icon/others/d_doge-861403219c.png style=width:1em; height:1em;>//@赤道少女:尬穿屏幕……//@番茄市长:……//@粉扑扑oO:哈哈哈哈哈哈哈哈啊哈哈啊哈我大清早笑醒了别让大家觉得台湾人都这么智障啊哈哈哈哈哈哈//@yenom渣肘:幽默"
"4126204916893028","看得我好尴尬"
"4126255936852097","@努力学好英语的孩子 尬穿弹幕哈哈哈"
"4126185534942027","都不认识他是谁，真闹"
"4126223460150945","回复@夏周八:粘泥那个哈哈哈哈哈厉害了"
"4126223506061408","别别别，你有钱，我们连茶叶蛋都吃不起，还有虽然重要的事情说三遍，但是你长骨刺的事我们并不想知道 查看图片 //@赤道少女:尬穿屏幕……//@番茄市长:……//@粉扑扑oO:哈哈哈哈哈哈哈哈啊哈哈啊哈我大清早笑醒了别让大家觉得台湾人都这么智障啊哈哈哈哈哈哈//@yenom渣肘:幽默"
"4126206327236550","@二牛丽丽"
"4126206775844553","回复@-JYIMING:韩露的男神 哈哈"
"4126188806397923","为了证明有钱 你把萨德炸了 .."
"4126271941936373","回复@边哭边笑的辉哥哥:能理解，毕竟昨天才拥有第一家苹果直营店"
"4126188416510068","@GGGJIAX 哈哈哈哈还记得他吗"
"4126257593727850","他在黑台湾吗？"
"4188154061950277","回复@饿人小张:还好我没杠精关注"
"4126221455367461","@chundiors"
"4126200949929314","发售了？"
"4126212789856159","@几分厌倦"
"4126212160515989","@HHHHaanni"
"4126201193047531","帅"
"4126204560298732","这个好看！"
"4126278926082424","好看！"
"4126236827493729","@spermeduct"
"4125404912162846","图一有链接吗"
"4127276196809270","图二呢"
"4125382716389619","图六"
"4125369810959398","图一价格"
"4136049187989101","@博文_Baron 你关注一下他"
"4125854818620820","回复@金知元有无边无际的大眼睛:我也是，上妆卡粉，不服贴，用mac定妆喷雾喷完之后很服帖"
"4126987050797153","说的好  总得有人出来牺牲下  [笑哈哈] src=//h5.sinaimg.cn/m/emoticon/icon/lxh/lxh_xiaohaha-1bfd4648b7.png style=width:1em; height:1em;>  我不入地狱谁入地狱  [噢耶] src=//h5.sinaimg.cn/m/emoticon/icon/lxh/lxh_oye-93472a1ea2.png style=width:1em; height:1em;>[噢耶] src=//h5.sinaimg.cn/m/emoticon/icon/lxh/lxh_oye-93472a1ea2.png style=width:1em; height:1em;>[噢耶] src=//h5.sinaimg.cn/m/emoticon/icon/lxh/lxh_oye-93472a1ea2.png style=width:1em; height:1em;>"
"4127609253626089","抽我抽我！"
"4135603676947354","回复@迟一点睡:洗发水洗脸？？？？？"
"4126891864750361","心疼班主任，好好护肤吧，好好化妆[可爱] src=//h5.sinaimg.cn/m/emoticon/icon/default/d_keai-7a5bf88086.png style=width:1em; height:1em;>[可爱] src=//h5.sinaimg.cn/m/emoticon/icon/default/d_keai-7a5bf88086.png style=width:1em; height:1em;>[可爱] src=//h5.sinaimg.cn/m/emoticon/icon/default/d_keai-7a5bf88086.png style=width:1em; height:1em;>"
"4135617212055672","回复@迟一点睡:洗发水洗脸？？"
"4126172952246757","突然发现你的手挺好看！"
"4125916185569480","很喜欢你的教程 但是会不会很厚啊"
"4135605811968952","蟹蟹[鼓掌] src=//h5.sinaimg.cn/m/emoticon/icon/default/d_guzhang-a35dfd4d70.png style=width:1em; height:1em;>"
"4136086135241653","那款遮瑕哪有卖"
"4127354487949066","转发微博"
"4135719896716702","回复@夹脚鞋走遍世界98:买lol"
"4127634864809261","我有黑头   能不能种草去黑头有效的产品啊"
"4137425418478598","@黑兔鸣- 这皮肤状态比你差130倍也可以遮住[並不簡單]请你对化妆抱有信心！"
"4125191719978572","【[并不简单] src=//h5.sinaimg.cn/m/emoticon/icon/default/d_bingbujiandan-e0c6936005.png style=width:1em; height:1em;>记笔记】防晒－保湿妆前－遮瑕：绿色中和泛红，橘色修饰黑眼圈－底妆－肤色遮瑕点压在痘痘上完成小米遮瑕（其实是大痘遮瑕[允悲] src=//h5.sinaimg.cn/m/emoticon/icon/default/d_yunbei-9aa3c436a4.png style=width:1em; height:1em;>）－最浅色遮瑕完成提亮，注意额头部分要适合自己，不用太满，提亮泪沟的时候照顾到苹果肌会更自然-散粉局部定妆后用粉扑轻压遮瑕部位-完成[噢耶] src=//h5.sinaimg.cn/m/emoticon/icon/lxh/lxh_oye-93472a1ea2.png style=width:1em; height:1em;>片尾有浮荔"
"4126812021465763","有勇气的班主任"
"4150467413614993","回复@Skin-Museum:我并没有说教，并且我还带了一个狗头[doge] src=//h5.sinaimg.cn/m/emoticon/icon/others/d_doge-861403219c.png style=width:1em; height:1em;>，至于屏障完全修复需要2年左右，也是言安堂的护肤顾问告诉我的，是针对我这样需要屏障修复的人“完全”修复需要的时间"
"4141153756706311","真实哒班主任[鼓掌] src=//h5.sinaimg.cn/m/emoticon/icon/default/d_guzhang-a35dfd4d70.png style=width:1em; height:1em;>"
"4135707137558690","听他说话不觉得烦，棒[good] src=//h5.sinaimg.cn/m/emoticon/icon/others/h_good-644bcfa993.png style=width:1em; height:1em;>大家不要骂他哦"
"4126197589989690","哇哇哇哇，遮瑕遮瑕啊！"
"4134889169126674","回复@万众宠爱的小天后:怎么治好的? 因为我面试那个不需要看脸? 模特应该会注重这些吧[泪] src=//h5.sinaimg.cn/m/emoticon/icon/default/d_lei-1b4b02f8b1.png style=width:1em; height:1em;>"
"4133887116647702","哇666"
"4135597587342126","@这是个什么萝 [二哈] src=//h5.sinaimg.cn/m/emoticon/icon/others/d_erha-0fecc90ac1.png style=width:1em; height:1em;>[二哈] src=//h5.sinaimg.cn/m/emoticon/icon/others/d_erha-0fecc90ac1.png style=width:1em; height:1em;>"
"4126592806180004","回复@这个名字非常的长:小仙女在哪买的那个防晒啊"
"4138771085299667","你这个化妆视频是我见过最详细的，最容易懂的[笑cry] src=//h5.sinaimg.cn/m/emoticon/icon/default/d_xiaoku-d320324f00.png style=width:1em; height:1em;>身为一个女人，觉得很惭愧，连妝都不会化[委屈] src=//h5.sinaimg.cn/m/emoticon/icon/default/d_weiqu-b069337758.png style=width:1em; height:1em;>"
"4131959498471891","回复@承kikibaby:化妆遮不住的那种情况是真的底子特别差的那种好吗，现在只要认真化妆基本都可以很美"
"4127627142803564","回复@吃了一碗又一宛:空调！手癌了"
"4128395908144858","回复@柠檬你个思密达198709:用酸醋洗脸能缓解闭口"
"4127150414183383","转发微博"
"4125826217823381","太厉害了吧 这个牌子的遮瑕我用真的巨干 像在抹石灰一样！！我混油！！"
"4127711641188221","?走心。。突然好崇拜你@王岳鹏Niko  ，我决定粉你了[哈哈] src=//h5.sinaimg.cn/m/emoticon/icon/default/d_haha-dd1c6d36cf.png style=width:1em; height:1em;>（虽然我不是烂脸[允悲] src=//h5.sinaimg.cn/m/emoticon/icon/default/d_yunbei-9aa3c436a4.png style=width:1em; height:1em;>）"
"4135714193577450","[白眼] src=//h5.sinaimg.cn/m/emoticon/icon/default/d_landelini-5788756d18.png style=width:1em; height:1em;>[挖鼻] src=//h5.sinaimg.cn/m/emoticon/icon/default/d_wabishi-842338e697.png style=width:1em; height:1em;>[挖鼻] src=//h5.sinaimg.cn/m/emoticon/icon/default/d_wabishi-842338e697.png style=width:1em; height:1em;>"
"4150468277738540","回复@其嬅:哈哈哈哈哈哈，言安堂顾问？是阿豆哥哥你么@它山之豆  [兔子] src=//h5.sinaimg.cn/m/emoticon/icon/others/d_tuzi-ff7bf5a0f1.png style=width:1em; height:1em;>[兔子] src=//h5.sinaimg.cn/m/emoticon/icon/others/d_tuzi-ff7bf5a0f1.png style=width:1em; height:1em;>[兔子] src=//h5.sinaimg.cn/m/emoticon/icon/others/d_tuzi-ff7bf5a0f1.png style=width:1em; height:1em;>[兔子] src=//h5.sinaimg.cn/m/emoticon/icon/others/d_tuzi-ff7bf5a0f1.png style=width:1em; height:1em;>"
"4125932471580145","[心] src=//h5.sinaimg.cn/m/emoticon/icon/others/l_xin-6912791858.png style=width:1em; height:1em;>"
"4135652654005831","遮瑕的有链接吗，好想买"
"4143599971008287","回复@星期三47560:啊啊啊啊，求问怎么治，我的超严重。一来大姨妈就好多好多"
"4125948649795424","真的太谢谢班主任了 我最近也是烂脸然后按班主任的方法画了个妆去毕业礼 效果不能再赞[爱你] src=//h5.sinaimg.cn/m/emoticon/icon/default/d_aini-4a23c0524a.png style=width:1em; height:1em;>"
"4127238208828440","话说涂妆前用打圈的手法，会不会把防晒溶开啊"
"4134872873700081","回复@20s佩奇_:你是出油么~ 我之前就是这样 用了很多的东西都没有什么效果  还好现在都已经好了  要不然真的就是难受死l了 脸上还有痘痘痘印 黑头什么的 可恶心人了  还好现在都已经好了  半年也没有在反复过了 这个挺好[哈哈] src=//h5.sinaimg.cn/m/emoticon/icon/default/d_haha-dd1c6d36cf.png style=width:1em; height:1em;>[哈哈] src=//h5.sinaimg.cn/m/emoticon/icon/default/d_haha-dd1c6d36cf.png style=width:1em; height:1em;>"
"4133557477345903","真实"
"4126656798776019","@招财靚靚"
"4125925925068409","[色] src=//h5.sinaimg.cn/m/emoticon/icon/default/d_huaxin-36e1b80629.png style=width:1em; height:1em;>[色] src=//h5.sinaimg.cn/m/emoticon/icon/default/d_huaxin-36e1b80629.png style=width:1em; height:1em;>[色] src=//h5.sinaimg.cn/m/emoticon/icon/default/d_huaxin-36e1b80629.png style=width:1em; height:1em;>"
"4134903962506625","回复@妥妥的Lu奇迹_:就是用的一些抹的跟吃的东西弄好的呀  [并不简单] src=//h5.sinaimg.cn/m/emoticon/icon/default/d_bingbujiandan-e0c6936005.png style=width:1em; height:1em;>  你的脸敏感嘛私信我吧 回复太麻烦了[允悲] src=//h5.sinaimg.cn/m/emoticon/icon/default/d_yunbei-9aa3c436a4.png style=width:1em; height:1em;>"
"4126492470102068","在"
"4133902295539567","必须安利给你！我自己过敏的时候就用的这个 评论配图"
"4140297103382103","回复@进击的钱婆婆:哇我看了好久"
"4131958675736325","@梦小马儿"
"4179206197472658","@很酷很swag"
"4125897277653772","@7why7-"
"4126508962036064","回复@二楞翕子:已经反反复复一年的人在这里  不过最近好转的很明显"
"4134879001908055","回复@小晴欧尼啊:  你是不是也是去医院啥的检查了 没啥效果啊是不~[允悲] src=//h5.sinaimg.cn/m/emoticon/icon/default/d_yunbei-9aa3c436a4.png style=width:1em; height:1em;>"
"4135636723726240","@qqqquan圆  他好厉害"
"4134890608371387","@小菲菲哇咔咔"
"4128438619327389","@子亦的亦是这个亦"
"4127626919960268","回复@吃了一碗又一宛:其实烂脸的时候我觉得bb比粉霜效果好，就是不持久"
"4135262998497391","回复@小晴欧尼啊:   对啊    还好我现在都好了  要不然估计还在喝中药 这辈子都不想在闻一下那个味道了[允悲] src=//h5.sinaimg.cn/m/emoticon/icon/default/d_yunbei-9aa3c436a4.png style=width:1em; height:1em;>[允悲] src=//h5.sinaimg.cn/m/emoticon/icon/default/d_yunbei-9aa3c436a4.png style=width:1em; height:1em;>"
"4127484314430729","[费解] src=//h5.sinaimg.cn/m/emoticon/icon/default/d_feijie-bac8e40ab4.png style=width:1em; height:1em;>[费解] src=//h5.sinaimg.cn/m/emoticon/icon/default/d_feijie-bac8e40ab4.png style=width:1em; height:1em;>[费解] src=//h5.sinaimg.cn/m/emoticon/icon/default/d_feijie-bac8e40ab4.png style=width:1em; height:1em;>[费解] src=//h5.sinaimg.cn/m/emoticon/icon/default/d_feijie-bac8e40ab4.png style=width:1em; height:1em;>我就是要马"
"4167851571118409","@深海八腿"
"4134077201930312","前段时间一直长痘，用了神仙水好了，真的可以试试"
"4128257806596578","[good] src=//h5.sinaimg.cn/m/emoticon/icon/others/h_good-644bcfa993.png style=width:1em; height:1em;>[good] src=//h5.sinaimg.cn/m/emoticon/icon/others/h_good-644bcfa993.png style=width:1em; height:1em;>"
"4137771393926054","有时候是不得不化妆的呀 所以妆前很重要很重要"
"4135594663660968","@A_KJY"
"4126639975487514","@初识时i"
"4135594122368869","@victorialin22 想买covermark[二哈] src=//h5.sinaimg.cn/m/emoticon/icon/others/d_erha-0fecc90ac1.png style=width:1em; height:1em;>"
"4135639102831569","回复@松乃家呢:他这个…居然化妆搞得蛮帅，我也要化妆"
"4128460357766242","谢谢你 超伟大的 很喜欢你的教程 时间不长但又学到很多 会继续支持你的"
"4129183829223392","转发微博"
"4127627059381921","安利"
"4132070692777435","回复@向晚姑娘hhh:对于我不太会化妆的人来说不太懂[笑cry] src=//h5.sinaimg.cn/m/emoticon/icon/default/d_xiaoku-d320324f00.png style=width:1em; height:1em;>"
"4134879350310042","回复@珊珊珊珊珊Shane: 这样的脸真的是炒鸡麻烦 唉 是老天嫉妒我的美么[允悲] src=//h5.sinaimg.cn/m/emoticon/icon/default/d_yunbei-9aa3c436a4.png style=width:1em; height:1em;>[允悲] src=//h5.sinaimg.cn/m/emoticon/icon/default/d_yunbei-9aa3c436a4.png style=width:1em; height:1em;>"
"4127024753254417","@cxccxcccxxx"
"4127264235205613","回复@Amy泰美腻儿:他这真人肯定粉特别厚 各种色差啥的 也就视频里能看看"
"4127945854864615","……"
"4127587091388872","你这个脸好治，没用对东西"
"4136323969189498","回复@BrandyYuan:这个更奇怪了！ 难道我化妆吗！"
"4135594239487025","回复@蕉奶君啊:人家皮肤还是一如既往的好，羡慕不来[笑cry] src=//h5.sinaimg.cn/m/emoticon/icon/default/d_xiaoku-d320324f00.png style=width:1em; height:1em;>"
"4128331538010487","回复@好大的Ice:黑头也灭有那么难消，我以前也用过牙膏盐水啥的，都米有用，鼻贴倒是把毛孔弄大，黑头也越来越多，真是悲催，现在好啦，才知道这需要三步就OK了"
"4135621138101098","良心教程[心] src=//h5.sinaimg.cn/m/emoticon/icon/others/l_xin-6912791858.png style=width:1em; height:1em;>"
"4129708575033484","[悲伤] src=//h5.sinaimg.cn/m/emoticon/icon/default/d_beishang-f8d6de06c8.png style=width:1em; height:1em;>适合我现在的烂脸"
"4135702658525031","我只想说，有用"
"4148336347141773","@晴1个- 6？"
"4128362475515677","回复@柠檬你个思密达198709:天生黑眼圈，现在更严重[二哈] src=//h5.sinaimg.cn/m/emoticon/icon/others/d_erha-0fecc90ac1.png style=width:1em; height:1em;>[泪] src=//h5.sinaimg.cn/m/emoticon/icon/default/d_lei-1b4b02f8b1.png style=width:1em; height:1em;>"
"4126664307499527","我的妈呀！！！真的越来越帅了！！！！！！！！！"
"4128326844659544","回复@Yummyr0:毛孔大收细喽，以前那毛孔真是可以插牙签啦，整的男朋友都和我分手了，每天照镜子也恶心 ，一天天的老是出油[允悲] src=//h5.sinaimg.cn/m/emoticon/icon/default/d_yunbei-9aa3c436a4.png style=width:1em; height:1em;>，现在好啦，化妆也不卡粉啦"
"4126819751734166","回复@迟一点睡:我天，你最好劝劝她，不然以后皮肤就被糟践坏了，那时候后悔都来不及！"
"4135624669436746","回复@艾嬛尔2:你的审美好宽容"
"4134890729957671","回复@万众宠爱的小天后:划重点 怎么治好的！！"
"4129163335763814","[good] src=//h5.sinaimg.cn/m/emoticon/icon/others/h_good-644bcfa993.png style=width:1em; height:1em;>[心] src=//h5.sinaimg.cn/m/emoticon/icon/others/l_xin-6912791858.png style=width:1em; height:1em;>[爱你] src=//h5.sinaimg.cn/m/emoticon/icon/default/d_aini-4a23c0524a.png style=width:1em; height:1em;>"
"4125820219883800","回复@-阿噗:有两把刷子"
"4137439150362418","回复@哈哈婊:爱你"
"4125807586378213","回复@张暖雅:适合 而且不闷 我皮肤爱过敏用了没事 不长痘也不干"
"4134601695560286","厉害了厉害?  真的需要这种"
"4282115640267225","I know the BGM：Love you like the movie[二哈] src=//h5.sinaimg.cn/m/emoticon/icon/others/d_erha-0fecc90ac1.png style=width:1em; height:1em;> by Anthem Light[哈哈] src=//h5.sinaimg.cn/m/emoticon/icon/default/d_haha-dd1c6d36cf.png style=width:1em; height:1em;>"
"4127230756402123","@Troublemakerss"
"4135882418592422","我只是觉得吧，楼主皮肤状态这么差的情况下就不要再化妆了，养养肤先。"
"4135661214601021","评论站着说话不腰疼  我就想烂脸？我故意烂脸？烂脸就没有追求美的权利  瞎给我操心谢谢  ps烂脸也比你美"
"4126141226920864","???"
"4125877493678663","回复@-陈小宝啊小宝:脸上长了一个痘，边看边手贱扣了一下[二哈] src=//h5.sinaimg.cn/m/emoticon/icon/others/d_erha-0fecc90ac1.png style=width:1em; height:1em;>"
"4135333328647102","@sherry_mie"
"4134237664186729","回复@郭三渣:啊啊啊"
"4126126936885242","回复@Jackie_娃娃:好"
"4125813647337387","@快叫祖奶奶 好好学学"
"4126873723742217","[色] src=//h5.sinaimg.cn/m/emoticon/icon/default/d_huaxin-36e1b80629.png style=width:1em; height:1em;>[色] src=//h5.sinaimg.cn/m/emoticon/icon/default/d_huaxin-36e1b80629.png style=width:1em; height:1em;>"
"4135627178191909","回复@云层汉堡包:暑假实习每天化妆皮肤倒是比平时上课啥也不化的好很多，大写的迷幻"
"4135707826680357","@唯爱MyAngel"
"4125965103736700","回复@金知元有无边无际的大眼睛:内油外干是水油不平衡 清洁补水都很重要 混合偏干的清洁要分开 t区用卸妆油 脸颊用卸妆乳  多补水多补水多补水 肌肤水够了就水油平衡就不会出油了~"
"4134496440018243","@_腐浮伏夫俯"
"4150466448766205","回复@其嬅:言安堂的编辑我也认识那么几个[兔子] src=//h5.sinaimg.cn/m/emoticon/icon/others/d_tuzi-ff7bf5a0f1.png style=width:1em; height:1em;>都是很好的朋友"
"4135697214358639","回复@oYEETING:哈哈哈堪称换头"
"4126185875155704","主任[吃惊] src=//h5.sinaimg.cn/m/emoticon/icon/default/d_chijing-e806473437.png style=width:1em; height:1em;>[吃惊] src=//h5.sinaimg.cn/m/emoticon/icon/default/d_chijing-e806473437.png style=width:1em; height:1em;>[吃惊] src=//h5.sinaimg.cn/m/emoticon/icon/default/d_chijing-e806473437.png style=width:1em; height:1em;>我皮肤比你还要差 [泪] src=//h5.sinaimg.cn/m/emoticon/icon/default/d_lei-1b4b02f8b1.png style=width:1em; height:1em;>"
"4127611141432456","@爱上音乐的小馋虫 很厉害"
"4126261519212918","回复@LM萌_:老子要是会这么牛逼的化妆你就不会说我丑了[摊手] src=//h5.sinaimg.cn/m/emoticon/icon/default/d_tanshou-3abaa4ed77.png style=width:1em; height:1em;>"
"4135594080357580","班主任做一个遮瑕盘吧，也这么想的点赞吧"
"4135713039632473","@leavingst"
"4135722644492249","拍啥都喜欢，"
"4125957726463977","抱抱"
"4130313456760099","回复@柠檬你个思密达198709:什么眼霜？我用很多了不起作用，不过有个因素，我熬夜！"
"4128139158762713","回复@AmonBlue:真希望能早点看到……但是我已经决定烂脸去面试了[允悲] src=//h5.sinaimg.cn/m/emoticon/icon/default/d_yunbei-9aa3c436a4.png style=width:1em; height:1em;>[允悲] src=//h5.sinaimg.cn/m/emoticon/icon/default/d_yunbei-9aa3c436a4.png style=width:1em; height:1em;>[允悲] src=//h5.sinaimg.cn/m/emoticon/icon/default/d_yunbei-9aa3c436a4.png style=width:1em; height:1em;>"
"4135620589252631","烂脸必备啊！"
"4134885902065490","回复@万众宠爱的小天后:我以前的皮肤真的超级好，就是人见人说的那种，后来就老是用清洁面膜去角质什么的就变得越来越敏感了[泪] src=//h5.sinaimg.cn/m/emoticon/icon/default/d_lei-1b4b02f8b1.png style=width:1em; height:1em;>[泪] src=//h5.sinaimg.cn/m/emoticon/icon/default/d_lei-1b4b02f8b1.png style=width:1em; height:1em;>[泪] src=//h5.sinaimg.cn/m/emoticon/icon/default/d_lei-1b4b02f8b1.png style=width:1em; height:1em;>"
"4135932187816015","回复@oYEETING:@鹿岛噢叽 @路子Lemon @跟着感觉走zmm"
"4125952152250255","回复@蜀葵妹妹:哈哈哈哈哈过分[二哈] src=//h5.sinaimg.cn/m/emoticon/icon/others/d_erha-0fecc90ac1.png style=width:1em; height:1em;>"
"4138938022500950","@野澈_"
"4126569230410032","回复@阿人左:(⊙o⊙)哇，谢谢[太开心] src=//h5.sinaimg.cn/m/emoticon/icon/default/d_taikaixin-97bd3f82d6.png style=width:1em; height:1em;>"
"4125888909529178","@是邓祎还是邓1-"
"4135649231286544","看完这个视频果断关注！！！太良心了！！！"
"4135705602712649","@陈奕迅觉得很赞"
"4134878473140962","回复@万众宠爱的小天后:怎么好的？"
"4125871784324399","大豆！还小米呢？班班好可爱！"
"4135003220807596","@天亮就犯困"
"4128062775496589","@guiuitar 过敏快看"
"4127282488868882","这才良心好不好"
"4134924137638831","回复@万众宠爱的小天后:对对对，又红又肿又痒，反正我过敏是这样的，不知道别人过敏是什么样…我觉得我们这样的过敏不能在脸上涂这么多，不然会更加严重"
"4125928210059422","回复@谨淮:你走开QAQ"
"4135576372613262","烂脸好几个月，没解……很痛苦[感冒] src=//h5.sinaimg.cn/m/emoticon/icon/default/d_ganmao-d66b25d11a.png style=width:1em; height:1em;>[感冒] src=//h5.sinaimg.cn/m/emoticon/icon/default/d_ganmao-d66b25d11a.png style=width:1em; height:1em;>，这个教程特别好，烂脸终于也可以美美的出门了[思考] src=//h5.sinaimg.cn/m/emoticon/icon/default/d_sikao-c599fd085f.png style=width:1em; height:1em;>[思考] src=//h5.sinaimg.cn/m/emoticon/icon/default/d_sikao-c599fd085f.png style=width:1em; height:1em;>"
"4126506441365441","回复@噢噢噢噢奥:不是不是 我是说底下的唇炎！！不过化妆…你过敏不是特别明显啊 而且就算过敏如果见重要的人还是要化妆啊"
"4126190816138422","回复@oYEETING:论化妆的重要性 ??"
"4134014337854522","其实我有一个问题  明明t区就容易油为什么还要去提亮"
"4135983555539547","回复@榴小莲lyl:像魔术[挖鼻] src=//h5.sinaimg.cn/m/emoticon/icon/default/d_wabishi-842338e697.png style=width:1em; height:1em;>"
"4125206739565744","老留言什么烂脸的化什么妆啊先护肤的人真是站着说话不腰疼哦"
"4147557414447533","回复@是迪酷本酷:我每次皮肤状态不好的时候，也说自己过敏，其实哪有那么多敏，皮肤不好就是不好"
"4128333669182208","回复@我是温柔de大牙妹儿:黑眼圈也没有那么难消呀，我用的黄色啥的眼霜都好啦，黑眼圈还得显老，老难看啦，现在好啦，遮瑕膏都省啦"
"4135590028894326","虽然视频里看很无暇，但是光是这样叠底妆一层又一层一层的，感觉涂得也蛮随意的……现实中看这样的底妆是又厚重又浮粉的吧…视频各种打光和美颜是不实用的…"
"4125897504451586","回复@Seliny-Yin:我可喜欢他了。"
"4140785089888235","@穆如姜"
"4138226341744158","这个covermarke什么色号的"
"4125186435861203","班主任你这个视频简直是美妆博主届的良心[笑cry] src=//h5.sinaimg.cn/m/emoticon/icon/default/d_xiaoku-d320324f00.png style=width:1em; height:1em;>真的是烂脸了来出教程哈哈哈哈哈哈哈哈哈哈哈哈 笑死我了"
"4134864393246702","回复@宝儿狂辛:是啊 我之前就是着样的  脸干得不得了 一用点什么脸就会发红 发痒  有的时候还疼  烦死了都  化妆也是不敢顺便化 一用点什么不好的东西就是直接就脸又红又痒了  还好现在都已经好了 要不然这个脸真的就是太害人了[允悲] src=//h5.sinaimg.cn/m/emoticon/icon/default/d_yunbei-9aa3c436a4.png style=width:1em; height:1em;>[允悲] src=//h5.sinaimg.cn/m/emoticon/icon/default/d_yunbei-9aa3c436a4.png style=width:1em; height:1em;>"
"4135558814628950","为什么鼻子那么大呢？"
"4125840465308654","转发微博"
"4126266241809820","你鼻子真的好大"
"4135548698942698","@不二_echo [doge] src=//h5.sinaimg.cn/m/emoticon/icon/others/d_doge-861403219c.png style=width:1em; height:1em;>[doge] src=//h5.sinaimg.cn/m/emoticon/icon/others/d_doge-861403219c.png style=width:1em; height:1em;>"
"4126909178572445","回复@二楞翕子:我现在已经能正常涂口红啦   就是要忌口"
"4125871411673749","超级需要！现在就是过敏泛红期"
"4135598438424727","回复@麻溜点小子:去你妈没有恶意 ?这句话我没有恶意"
"4126112303053732","嗯可以哦"
"4127745614896333","@狂热3X"
"4125886817665703","本来很期待你7月上新你每期视频也几乎都看。6月7号上新买了眼部按摩仪，拍的时候清楚写的17号发货月中问说30号发货，7月1号问又说已经到了在验货验好就发。3号问又说10号发货没到。你家请问还有没有点诚信？没货或晚发最起码主动告知一下已经买了的消费者吧！不要消费你粉丝对你的信任！@王岳鹏Niko"
"4125856647538039","@梓华不是马骝妹 @我家的猫叫发财"
"4128326492261914","回复@谁还不是小公主叻:下巴长豆豆是因为身体里面有毒吧，我也有，还总是忍不住的用手去抓，结果留下了不少印，真是心塞，现在终于好啦，身体里面毒没有了，豆豆也不反复长啦，痘印在努力的消，终于可以化妆啦"
"4128327457311452","回复@从那天起改变:黑眼圈也没有那么难消，我用的黄色啥的眼霜都好啦，黑眼圈还得显老，老难看啦，现在好啦，遮瑕膏都省啦，朋友也不说我是熊猫眼啦[嘻嘻] src=//h5.sinaimg.cn/m/emoticon/icon/default/d_xixi-813ededea2.png style=width:1em; height:1em;>"
"4126416625410566","关注你的时候我是一张烂脸，现在已经不烂了[噢耶] src=//h5.sinaimg.cn/m/emoticon/icon/lxh/lxh_oye-93472a1ea2.png style=width:1em; height:1em;>[噢耶] src=//h5.sinaimg.cn/m/emoticon/icon/lxh/lxh_oye-93472a1ea2.png style=width:1em; height:1em;>[噢耶] src=//h5.sinaimg.cn/m/emoticon/icon/lxh/lxh_oye-93472a1ea2.png style=width:1em; height:1em;>"
"4126155579793392","烂脸期间能不化妆尽量不画，做好物理防晒，或者用敏感皮肤可以用的防晒比如资生堂那个蓝色的给小孩用的防晒，尽量护肤简单化，脸上不要涂太多东西"
"4125966013719912","回复@懵懵团子:希芸的新水漾 无香料无酒精 敏感肌和孕妇都能使用的 炒鸡温和"
"4135194661746830","回复@万众宠爱的小天后:对，还喝中药，没什么用，浪费人民币"
"4125849877572268","这个真是体质原因了，我也是，尤其不能熬夜吃辣，应该和湿气重也有一定原因，我就是不爱运动，肠胃也不好，唉，可以说是非常委屈了[允悲] src=//h5.sinaimg.cn/m/emoticon/icon/default/d_yunbei-9aa3c436a4.png style=width:1em; height:1em;>"
"4134884869649017","回复@妥妥的Lu奇迹_:[允悲] src=//h5.sinaimg.cn/m/emoticon/icon/default/d_yunbei-9aa3c436a4.png style=width:1em; height:1em;>那我就没有你幸运了 之前面试模特 公司不要 [允悲] src=//h5.sinaimg.cn/m/emoticon/icon/default/d_yunbei-9aa3c436a4.png style=width:1em; height:1em;>[允悲] src=//h5.sinaimg.cn/m/emoticon/icon/default/d_yunbei-9aa3c436a4.png style=width:1em; height:1em;>  脸上的痘痘痘印一大堆谁会要你啊[允悲] src=//h5.sinaimg.cn/m/emoticon/icon/default/d_yunbei-9aa3c436a4.png style=width:1em; height:1em;>还好现在都已经好了 要不然真的就是废了[允悲] src=//h5.sinaimg.cn/m/emoticon/icon/default/d_yunbei-9aa3c436a4.png style=width:1em; height:1em;>"
"4126837333868985","回复@蹦哈蹦哈:………我日"
"4137138192897036","趴着求前几分钟的bgm……"
"4134890767768766","@yyyy-xxxx 逆天脸"
"4136316889814936","班主任你有用玉泽？？？看到后面柜子里"
"4127647414418696","喜欢你因为我也是敏感肌重度敏感"
"4133902047670227","纯干货功课，之前下巴也特别严重，试过好多东西没用，后来好了是1用无氟牙膏（下巴起包很有可能是对牙膏里的氟过敏，我就是）2去医院开了小药水叫复方氯霉素醇涂特别有用3澳洲一个药膏Benzac百分之5的，比较重的话可以用百分之十的。另外脸特别重的时候一直用理肤泉其他的什么都不碰。希望能有帮助。"
"4125888055078740","本来很期待你7月上新你每期视频也几乎都看。6月7号上新买了眼部按摩仪，拍的时候清楚写的17号发货月中问说30号发货，7月1号问又说已经到了在验货验好就发。3号问又说10号发货没到。你家请问还有没有点诚信？没货或晚发最起码主动告知一下已经买了的消费者吧！不要消费你粉丝对你的信任！"
"4126622015256982","良心大大的"
"4179021463900071","@Jesus-弗利特"
"4126115901387304","厉害了"
"4126620329033695","卖了这么长时间的化妆品，还烂脸，就没一个有效果的吗？[汗] src=//h5.sinaimg.cn/m/emoticon/icon/default/d_han-0e7b8aa6d1.png style=width:1em; height:1em;>"
"4135596634657525","@魏乐wlt [哈哈] src=//h5.sinaimg.cn/m/emoticon/icon/default/d_haha-dd1c6d36cf.png style=width:1em; height:1em;>[哈哈] src=//h5.sinaimg.cn/m/emoticon/icon/default/d_haha-dd1c6d36cf.png style=width:1em; height:1em;>[哈哈] src=//h5.sinaimg.cn/m/emoticon/icon/default/d_haha-dd1c6d36cf.png style=width:1em; height:1em;>[哈哈] src=//h5.sinaimg.cn/m/emoticon/icon/default/d_haha-dd1c6d36cf.png style=width:1em; height:1em;>[哈哈] src=//h5.sinaimg.cn/m/emoticon/icon/default/d_haha-dd1c6d36cf.png style=width:1em; height:1em;>"
"4127689550107057","真的好棒，好实用，给你成千上万个赞[鼓掌] src=//h5.sinaimg.cn/m/emoticon/icon/default/d_guzhang-a35dfd4d70.png style=width:1em; height:1em;>[爱你] src=//h5.sinaimg.cn/m/emoticon/icon/default/d_aini-4a23c0524a.png style=width:1em; height:1em;>[心] src=//h5.sinaimg.cn/m/emoticon/icon/others/l_xin-6912791858.png style=width:1em; height:1em;>[haha] src=//h5.sinaimg.cn/m/emoticon/icon/others/h_haha-62cacecd90.png style=width:1em; height:1em;>"
"4132099537877928","回复@把拉拉啦b:他是男生 不怎么涂口红"
"4125919118071371","想要遮瑕盘[憧憬] src=//h5.sinaimg.cn/m/emoticon/icon/default/d_xingxingyan-06a3ca0ae4.png style=width:1em; height:1em;>[憧憬] src=//h5.sinaimg.cn/m/emoticon/icon/default/d_xingxingyan-06a3ca0ae4.png style=width:1em; height:1em;>[憧憬] src=//h5.sinaimg.cn/m/emoticon/icon/default/d_xingxingyan-06a3ca0ae4.png style=width:1em; height:1em;>"
"4130496793995754","@akou2333"
"4137693102938663","啊啊啊我需要这个！"
"4126129281250045","转发微博"
"4126460874774841","回复@Keith哦漏:@噢噢噢噢奥 好吧我今天才看但是感觉评论里你应该有用？但是你可能看过了"
"4125888776298630","回复@娇筱洁:按时发不了就不要承诺日期！没货就不要说已经到了，再验货，验好马上发！货发不了也麻烦你请你的客服主动提前的告知！不是因为你，谁知道你的店，谁会去你的店买东西！"
"4126828383219752","@傲寒爱山哥  发型帅[思考] src=//h5.sinaimg.cn/m/emoticon/icon/default/d_sikao-c599fd085f.png style=width:1em; height:1em;>"
"4127153559342645","回复@张暖雅:elta md的防过敏防晒，自用款[羞嗒嗒] src=//h5.sinaimg.cn/m/emoticon/icon/lxh/lxh_xiudada-f44e8f5688.png style=width:1em; height:1em;>[羞嗒嗒] src=//h5.sinaimg.cn/m/emoticon/icon/lxh/lxh_xiudada-f44e8f5688.png style=width:1em; height:1em;>"
"4126614566975585","班主任你这个视频简直是美妆博主届的良心[笑cry] src=//h5.sinaimg.cn/m/emoticon/icon/default/d_xiaoku-d320324f00.png style=width:1em; height:1em;>"
"4139497346705430","转发微博"
"4144401540917979","@学同正家 好厉害啊"
"4126263767441970","小哥哥好可爱哈哈哈哈哈"
"4127626987083460","回复@爱上音乐的小馋虫:你们那凉快"
"4135565655685747","回复@打算叫个奇葩点的名字:好好学好好看，你很久没发自拍了，下次争取上波电视[笑而不语] src=//h5.sinaimg.cn/m/emoticon/icon/default/d_heiheihei-f7ca09d6e8.png style=width:1em; height:1em;>"
"4127345952992069","@恰若青石马蹄声"
"4126901330766277","我只记住了你美丽的样子"
"4136787116722746","发型好喜欢[污] src=//h5.sinaimg.cn/m/emoticon/icon/default/d_wu-12f8564d2b.png style=width:1em; height:1em;>"
"4134882285724398","回复@阿金哥哥s:黑头最恶心人了  总是反反复复的长 用那些东西还不见好 还把毛孔给弄大了 恶心死了 还好现都已经好了 已经半年都没有长过了 我觉着挺好的[哈哈] src=//h5.sinaimg.cn/m/emoticon/icon/default/d_haha-dd1c6d36cf.png style=width:1em; height:1em;>"
"4135652331769831","回复@阿野yeah:66666小哥哥可以的 喜欢那个小刷子 后悔上次去香港没买[泪] src=//h5.sinaimg.cn/m/emoticon/icon/default/d_lei-1b4b02f8b1.png style=width:1em; height:1em;>"
"4149975425938120","敏感油皮肌肤用什么隔离好"
"4135701207219347","@你是个不解风情的石头猴子"
"4125852620520111","良心出品 看完只想安利你理肤泉系列[喵喵] src=//h5.sinaimg.cn/m/emoticon/icon/others/d_miao-61fe2a7aaa.png style=width:1em; height:1em;>反正我过敏期全靠它"
"4137440895629720","弱弱的问句 混油皮用什么脸部防晒比较好"
"4136866208750017","防晒在所有之前吗[疑问] src=//h5.sinaimg.cn/m/emoticon/icon/default/d_yiwen-40a816d206.png style=width:1em; height:1em;>"
"4150451907729074","回复@Skin-Museum:是是是，baby，但我不是正常皮肤啊╮(‵▽′)╭而且我是就医过的"
"4125836565314766","想问.烂脸怎么办[泪] src=//h5.sinaimg.cn/m/emoticon/icon/default/d_lei-1b4b02f8b1.png style=width:1em; height:1em;>"
"4128330921801456","回复@Snowy韩小妞:修复呗，以前是风一吹，太阳一晒都会发红，还时不时的发痒，真是难受死，现在好啦，脸上舒服很多，也不会出现尴尬的情况啦"
"4135391873812728","想知道班主任的粉霜色号 每次跟你买一样的都正好 所以来问色号 不想做功课[摊手] src=//h5.sinaimg.cn/m/emoticon/icon/default/d_tanshou-3abaa4ed77.png style=width:1em; height:1em;>买了同款遮瑕盘和妆前 就等色号了[失望] src=//h5.sinaimg.cn/m/emoticon/icon/default/d_shiwang-7925938d93.png style=width:1em; height:1em;>"
"4127732872542871","无意间看到你微博，不知道为啥看到这个视频瞬间对你路转粉了[爱你] src=//h5.sinaimg.cn/m/emoticon/icon/default/d_aini-4a23c0524a.png style=width:1em; height:1em;>"
"4127720386538069","@G-sich"
"4125863877966244","回复@L溪域:在哪里买？博主有淘宝店铺？"
"4135263175086043","回复@宝儿狂辛:  是啊  还得把脸先给弄好[允悲] src=//h5.sinaimg.cn/m/emoticon/icon/default/d_yunbei-9aa3c436a4.png style=width:1em; height:1em;>[允悲] src=//h5.sinaimg.cn/m/emoticon/icon/default/d_yunbei-9aa3c436a4.png style=width:1em; height:1em;>"
"4125822820951293","@老精牌拖拉机"
"4127153161586277","回复@L溪域:可代[羞嗒嗒] src=//h5.sinaimg.cn/m/emoticon/icon/lxh/lxh_xiudada-f44e8f5688.png style=width:1em; height:1em;>[羞嗒嗒] src=//h5.sinaimg.cn/m/emoticon/icon/lxh/lxh_xiudada-f44e8f5688.png style=width:1em; height:1em;>"
"4128332120861422","回复@麦庆宜_Mai:我额头闭口粉刺比较多，每天洗脸摸着老不舒服了， 天天照镜子的时候总是想挤，天天看着难受死，现在好啦，上妆也不卡粉啦"
"4150566559476266","回复@分分钟不能自拔:那是因为你没看到他没打光没摄像机肉眼看的样子"
"4126173493347799","@sylvieieie_ 他这个脸[允悲] src=//h5.sinaimg.cn/m/emoticon/icon/default/d_yunbei-9aa3c436a4.png style=width:1em; height:1em;>"
"4135678587101802","@66_cherry"
"4135662435208676","超级想要啊"
"4125826880020503","需要遮瑕"
"4135655607504742","同长痘的我抱紧了自己[泪] src=//h5.sinaimg.cn/m/emoticon/icon/default/d_lei-1b4b02f8b1.png style=width:1em; height:1em;>"
"4135609058506485","像戚薇"
"4128112847747664","即使过敏也感觉好可爱"
"4137523368459001","回复@goddess_86:我烂脸covermark还起皮 之前去广州就很烂的妆[摊手] src=//h5.sinaimg.cn/m/emoticon/icon/default/d_tanshou-3abaa4ed77.png style=width:1em; height:1em;>现在没这么严重好吗"
"4132335471691845","喜欢啊 最讨厌那些所谓说烂脸就说不要化妆的人了！你所认为的关心实际是嘲笑好吗！没教养！"
"4135964093677800","好棒～遮瑕最近也想入[羞嗒嗒] src=//h5.sinaimg.cn/m/emoticon/icon/lxh/lxh_xiudada-f44e8f5688.png style=width:1em; height:1em;>[羞嗒嗒] src=//h5.sinaimg.cn/m/emoticon/icon/lxh/lxh_xiudada-f44e8f5688.png style=width:1em; height:1em;>"
"4150467048921739","回复@其嬅:我第一次的语气之所以冲，是因为你的那条热评带有说教的意味，如果是其他小白看了，会引起误导。"
"4135688930484852","回复@莱昂纳多-迪卡普里奥伟钟:一个多月没碰化妆品了……没法拍……"
"4144753543588593","回复@BERRYandPROCRASTINATION:666666"
"4127153409062274","回复@hbbbzz:可代正品[羞嗒嗒] src=//h5.sinaimg.cn/m/emoticon/icon/lxh/lxh_xiudada-f44e8f5688.png style=width:1em; height:1em;>[羞嗒嗒] src=//h5.sinaimg.cn/m/emoticon/icon/lxh/lxh_xiudada-f44e8f5688.png style=width:1em; height:1em;>"
"4127627616353649","回复@爱上音乐的小馋虫:哈哈哈哈哈哈哈哈[摊手] src=//h5.sinaimg.cn/m/emoticon/icon/default/d_tanshou-3abaa4ed77.png style=width:1em; height:1em;>传染手癌"
"4131215513124869","@稀眉大眼的许浈 好棒[哆啦A梦微笑] src=//h5.sinaimg.cn/m/emoticon/icon/doraemon/dr_weixiao-c7ecdd25aa.png style=width:1em; height:1em;>"
"4125916076350161","@怕鱼的"
"4134890544578985","回复@妥妥的Lu奇迹_:嗯呐 是啊  那时候的梦想就是想做模特 [允悲] src=//h5.sinaimg.cn/m/emoticon/icon/default/d_yunbei-9aa3c436a4.png style=width:1em; height:1em;>  妈的还好现在脸好了 要不然真的是太拉低我的档次了[允悲] src=//h5.sinaimg.cn/m/emoticon/icon/default/d_yunbei-9aa3c436a4.png style=width:1em; height:1em;>"
"4177013281200901","@Wuyangyang咩 @star雷WY @盐尾 之前说的就是他…像！不！像！"
"4126636364171083","回复@毕竟名字这么难起:就是王岳鹏的店，用了挺久的应该不是假货"
"4135656660340420","回复@qqqquan圆:哈哈哈哈 淘宝吧"
"4135547511448561","回复@王喵啊_:[污] src=//h5.sinaimg.cn/m/emoticon/icon/default/d_wu-12f8564d2b.png style=width:1em; height:1em;>"
"4127152620317790","和我想的一样，用的covermark，我烂脸也是用他家，超级好[羞嗒嗒] src=//h5.sinaimg.cn/m/emoticon/icon/lxh/lxh_xiudada-f44e8f5688.png style=width:1em; height:1em;>[羞嗒嗒] src=//h5.sinaimg.cn/m/emoticon/icon/lxh/lxh_xiudada-f44e8f5688.png style=width:1em; height:1em;>"
"4127735297455250","这才叫典型的妆前和妆后盼若两人"
"4129408531064276","回复@薔薇耿耿長:哇塞怎么捉到的"
"4125927472273981","日常迷信"
"4126509554159863","回复@summeryiya:我自己摸着可难受了   小疹子   很怀念以前皮肤好的时候  话说唇炎我现在已经可以以一个过来人的身份了啊哈哈哈哈哈哈"
"4135552729122481","@莱昂纳多-迪卡普里奥伟钟"
"4133890925341267","可是我一出门！妆全花了！！"
"4127619207281925","就是觉得你有帅到我"
"4128404057543109","我也是信号一格~"
"4135952115011610","@z周小美花花的微博 @姚俊倩 好神奇！！"
"4126486820871701","回复@summeryiya:歪歪歪!  我越过敏越不想化厚重的妆    有时候都是绕着过敏的地方化   不知道自己在干什么"
"4135842412400911","回复@心可刘:太恶心了"
"4127153123680614","回复@Cherry_涵宝:哈哈哈哈"
"4150466386492758","回复@Skin-Museum:您跟我谈专业知识我肯定是比不上您，毕竟术业有专攻，但是您原本可以语气良好地在下面解释，给出建议，但您第一次非要用这种语气来，在这种情况下，请原谅我带有情绪地无礼地做出一些不想听的决定。"
"4134562722333319","粉底刷是啥"
"4135584894854933","回复@迟一点睡:聽著都好可怕[拜拜] src=//h5.sinaimg.cn/m/emoticon/icon/default/d_baibai-71b47dffdc.png style=width:1em; height:1em;>还是希望她好好护肤 怕哪天脸禁不住折腾了"
"4134480358958034","为啥我过敏就是那种很痒，那这样的话再扑那么多层就会更痒…"
"4134901680385312","回复@朱晓彤_:可怕"
"4143674785253701","回复@星期三47560:我是那种小粉刺变成痘痘  很麻烦的"
"4135590528110471","不答应你。"
"4126504147287871","宝贝啊 我觉得你视频有点糊了"
"4126228359034098","对于时常皮肤过敏的人来说，真心感谢?"
"4126644573251338","看我瞬间被遮瑕盘种草"
"4134436238532465","@锅包肉包锅肉包肉锅包"
"4131958696658897","回复@长沙小傲娇YI:你就怼回去啊 谁还不长几个逗"
"4132806327601002","不开美颜的状态也看不出痘痘吗"
"4126613958580330","@Carl_赵梓良"
"4125874049943627","@Seliny-Yin 我很喜欢的一个博主"
"4136135552464211","哇 我也想要这么好的化妆技术 评论配图"
"4134579566242555","@旧是佳嘉"
"4126560753549622","遮瑕盘遮暇盘遮暇盘????"
"4126228414247969","@Lzzzzzzzzzzzzzzzzzzzzzzzzzzzzi"
"4137047003779911","跪求班主任大人把tomford系列发所有香水都开个视频吧，哪个味道适合什么类型的人用啥的，去坑了求开解"
"4131204880589798","[羞嗒嗒] src=//h5.sinaimg.cn/m/emoticon/icon/lxh/lxh_xiudada-f44e8f5688.png style=width:1em; height:1em;>"
"4128330086766920","回复@小小小小妍的春天:豆豆也没有那么难消呀，以前脸上下巴都有，还忍不住用手去抠豆豆，留下不少印，真是心塞[允悲] src=//h5.sinaimg.cn/m/emoticon/icon/default/d_yunbei-9aa3c436a4.png style=width:1em; height:1em;>，现在好了，可以随便选择化妆品化妆啦"
"4135884338934270","那么用散粉我会干死的???"
"4126148201606486","[好爱哦] src=//h5.sinaimg.cn/m/emoticon/icon/lxh/lxh_haoaio-93f6657665.png style=width:1em; height:1em;>[好爱哦] src=//h5.sinaimg.cn/m/emoticon/icon/lxh/lxh_haoaio-93f6657665.png style=width:1em; height:1em;>[好爱哦] src=//h5.sinaimg.cn/m/emoticon/icon/lxh/lxh_haoaio-93f6657665.png style=width:1em; height:1em;>"
"4125890868158207","此次视频最后没有对比图，差评[并不简单] src=//h5.sinaimg.cn/m/emoticon/icon/default/d_bingbujiandan-e0c6936005.png style=width:1em; height:1em;>明明之前的类似视频都会放个对比嘛 可爱的班主任[憧憬] src=//h5.sinaimg.cn/m/emoticon/icon/default/d_xingxingyan-06a3ca0ae4.png style=width:1em; height:1em;>"
"4126880267041081","@小楽子童鞋 这个厉害啦"
"4136085712409202","真心的说一句，你尝试把人中、唇珠画的明显点点，露出额头，会好看很多！"
"4126180237734276","?"
"4135728215058467","你们家店铺啥名字啊"
"4127668636638050","学会啦"
"4126569406312242","回复@懵懵团子:不客气~"
"4132018570485472","班主任，最近的妆好看，有日系小淸新的感觉，恋爱了吗"
"4129002807439694","@米妮呢n"
"4127691186348167","不用理他们，班主任手法真好，良心美妆班主任"
"4127020332329887","@Stan607"
"4150461021786605","回复@其嬅:除非是一些先天性皮肤耐受就不好的皮，先天皮肤就偏敏感的皮需要去制定自己的修复方案长期使用，否则一般人都用不着这样刻意修复。其次，关于皮肤屏障的修复，也分为各类，因为皮肤屏障不单只是皮脂膜，还有角质与角质间质之间的砖墙关系，这两层意义需要区分对待，比如是油皮作死皮损"
"4127728078443950","我之前也有皮肤过敏到烂脸，半夜很痒抓到结血痂的那种，已经是出门必须戴口罩那种，然后换了资生堂d program 的蓝色系列水乳，过敏的地方好的时候会干皮，日常用雅诗兰黛的眼霜擦干皮的地方，大概半个月就好了，卸妆坚持用evelom，哪怕不化妆也要四五天左右用evelom做一次清洁，现在一年半了，已经没有"
"4125905498899513","想要这个遮瑕  最近疯了一样的在烂脸  绝望[二哈] src=//h5.sinaimg.cn/m/emoticon/icon/others/d_erha-0fecc90ac1.png style=width:1em; height:1em;>[二哈] src=//h5.sinaimg.cn/m/emoticon/icon/others/d_erha-0fecc90ac1.png style=width:1em; height:1em;>[二哈] src=//h5.sinaimg.cn/m/emoticon/icon/others/d_erha-0fecc90ac1.png style=width:1em; height:1em;>"
"4126150181012425","保湿保湿！"
"4145460715355312","我也经常烂脸心痛"
"4135526195380517","@王不识- 给弟弟"
"4154171270298148","@喆喆要做阳光好少年 你看他遮瑕[笑cry] src=//h5.sinaimg.cn/m/emoticon/icon/default/d_xiaoku-d320324f00.png style=width:1em; height:1em;>[笑cry] src=//h5.sinaimg.cn/m/emoticon/icon/default/d_xiaoku-d320324f00.png style=width:1em; height:1em;>....他就是靠这个视频收走了我的膝盖[二哈] src=//h5.sinaimg.cn/m/emoticon/icon/others/d_erha-0fecc90ac1.png style=width:1em; height:1em;>[二哈] src=//h5.sinaimg.cn/m/emoticon/icon/others/d_erha-0fecc90ac1.png style=width:1em; height:1em;>"
"4128739783275067","@王大航的小围脖"
"4127001181116685","有意义[悲伤] src=//h5.sinaimg.cn/m/emoticon/icon/default/d_beishang-f8d6de06c8.png style=width:1em; height:1em;>烂脸的时候都不知道怎么化妆，索性不化妆出门，但是重要场合真的很心酸!保湿真的很重要，长痘烂脸一般还在刷酸，皮肤糙的分分钟卡粉[悲伤] src=//h5.sinaimg.cn/m/emoticon/icon/default/d_beishang-f8d6de06c8.png style=width:1em; height:1em;>东西都不敢滥用，收藏了!"
"4130413582132519","回复@从那天起改变:私信你了"
"4125822165783821","信号很弱，哈哈哈"
"4135593270977420","男生也会哦"
"4125932799378935","@两斤芋头1113"
"4127627066790723","回复@吃了一碗又一宛:现在不凉快啦，热死了，冰箱脱销了"
"4134880302954638","回复@万众宠爱的小天后:出汗"
"4131215604395908","回复@阿瑞潮搭配:我的脸要学[哆啦A梦汗] src=//h5.sinaimg.cn/m/emoticon/icon/doraemon/dr_han-2c2496c306.png style=width:1em; height:1em;>"
"4127388709368991","我就是顶着一脸痘去面试的? 奇怪的是竟然还面试上了 那个总还推荐我去治痘痘?"
"4135630897913585","真的很良心了 皮肤好很有优越感？这种视频才是实实在在的美妆教程"
"4127380958663241","[抱抱] src=//h5.sinaimg.cn/m/emoticon/icon/default/d_baobao-b928ba5761.png style=width:1em; height:1em;>[抱抱] src=//h5.sinaimg.cn/m/emoticon/icon/default/d_baobao-b928ba5761.png style=width:1em; height:1em;>[抱抱] src=//h5.sinaimg.cn/m/emoticon/icon/default/d_baobao-b928ba5761.png style=width:1em; height:1em;>"
"4128327037379759","回复@Z悦己y:眼袋也没有那么难，我用的一个黄色什么的眼霜都消掉啦，以前的样子真是显老，我还那么年轻，最害怕别人说我老了，朋友聚会还说我怎么看上去好老，说多了都是泪，现在好啦，遮瑕膏都不用特意去遮啦，也有精神啦[哈哈] src=//h5.sinaimg.cn/m/emoticon/icon/default/d_haha-dd1c6d36cf.png style=width:1em; height:1em;>"
"4135585155139367","回复@一只可爱的璐璐呀:亲！长痘的时候也可以去角质么 我现在下巴这块总冒痘 超痛苦[允悲] src=//h5.sinaimg.cn/m/emoticon/icon/default/d_yunbei-9aa3c436a4.png style=width:1em; height:1em;>"
"4134640530937625","[心] src=//h5.sinaimg.cn/m/emoticon/icon/others/l_xin-6912791858.png style=width:1em; height:1em;>[心] src=//h5.sinaimg.cn/m/emoticon/icon/others/l_xin-6912791858.png style=width:1em; height:1em;>"
"4134889118676779","保湿妆前乳不错?"
"4127626245582383","回复@爱上音乐的小馋虫:没办法能养就养，实在不行了还能应急"
"4135665983939534","@紫蒙想发芽 加油"
"4127660483411513","回复@Keith哦漏:好厉害"
"4135627400151574","@大气包_Grumpy 在眼睛底下do something [允悲] src=//h5.sinaimg.cn/m/emoticon/icon/default/d_yunbei-9aa3c436a4.png style=width:1em; height:1em;>"
"4136322664900265","回复@笨重绵软胖纸:以后做笔记就靠你了"
"4135666025069496","挺好呀，鼓掌"
"4135946767288647","看完路转粉"
"4134048295523751","有没有去痘印的呀"
"4135717564985811","防晒用什么呢，"
"4126298626263748","我就是很需要你的那种小女生！！！！！"
"4129098097859644","好强啊 那个遮瑕盘我买过之后就用了一两次就堆在那了不会用[抓狂] src=//h5.sinaimg.cn/m/emoticon/icon/default/d_zhuakuang-fd744b17b5.png style=width:1em; height:1em;> 博主超厉害！"
"4125954048139166","回复@LeeeeeeeMinJ:好了就行了～"
"4144933532732336","班主任，你那个遮瑕盘我怎么找不到啊"
"4126131285918454","举手??爱你 么么扎"
"4125814775769484","回复@KikiKim2T:好厉害 我肯定不是一个女的"
"4134880629175385","回复@20s佩奇_:好吧 我还以为你是出油呢[费解] src=//h5.sinaimg.cn/m/emoticon/icon/default/d_feijie-bac8e40ab4.png style=width:1em; height:1em;>[费解] src=//h5.sinaimg.cn/m/emoticon/icon/default/d_feijie-bac8e40ab4.png style=width:1em; height:1em;>"
"4137523884711573","回复@_Tchory:迟早的事[喵喵] src=//h5.sinaimg.cn/m/emoticon/icon/others/d_miao-61fe2a7aaa.png style=width:1em; height:1em;>"
"4135593828625103","回复@夢下餘生:只要没挤痘痘弄破皮就可以用呀"
"4132342089540241","我烂的比你严重好多，痘痘还在发炎，每天用菌菇水湿敷，其他的什么都不敢用[失望] src=//h5.sinaimg.cn/m/emoticon/icon/default/d_shiwang-7925938d93.png style=width:1em; height:1em;>@王岳鹏Niko"
"4136060281676121","真的要去看一下皮肤科，看你太严重了"
"4126566663891027","一本正经的说信号满不满格的时候笑死我了"
"4134873750479692","回复@Candy大丸子:  我之前也是烂脸 用了很多的东西 去了医院也是没啥卵用 还好现在都已经好了 要不然真的就是惨死了[允悲] src=//h5.sinaimg.cn/m/emoticon/icon/default/d_yunbei-9aa3c436a4.png style=width:1em; height:1em;>[允悲] src=//h5.sinaimg.cn/m/emoticon/icon/default/d_yunbei-9aa3c436a4.png style=width:1em; height:1em;>"
"4135602998432844","超级实用的烂脸底妆教程[加油][加油][加油]转给需要的你们"
"4130198729531580","称赞一下班主任 每次看你微博都有收获！"
"4127626064410197","回复@吃了一碗又一宛:[允悲] src=//h5.sinaimg.cn/m/emoticon/icon/default/d_yunbei-9aa3c436a4.png style=width:1em; height:1em;>烂脸期我也用粉霜做底妆，真的很厚重，也是各种绿色遮瑕修正，出来的效果有点假，不过也没办法，而且肤质看着超级差"
"4136322106517937","好实用。。最近的确刚刚烂脸了出门也不知道咋化妆"
"4178645432434328","感觉超棒的，比??"
"4137525595402611","但是我涂完防晒再涂隔离就会起腻子 [笑cry] src=//h5.sinaimg.cn/m/emoticon/icon/default/d_xiaoku-d320324f00.png style=width:1em; height:1em;>[笑cry] src=//h5.sinaimg.cn/m/emoticon/icon/default/d_xiaoku-d320324f00.png style=width:1em; height:1em;>"
"4128657162759216","回复@柠檬你个思密达198709:怎么修复"
"4125826821405128","我到不是烂脸，就是红血丝多，多到别人以为我烂脸[笑cry] src=//h5.sinaimg.cn/m/emoticon/icon/default/d_xiaoku-d320324f00.png style=width:1em; height:1em;>[笑cry] src=//h5.sinaimg.cn/m/emoticon/icon/default/d_xiaoku-d320324f00.png style=width:1em; height:1em;>[笑cry] src=//h5.sinaimg.cn/m/emoticon/icon/default/d_xiaoku-d320324f00.png style=width:1em; height:1em;>"
"4126835971736659","对，感谢班主任！拯救了烂脸妹子"
"4127588534729524","就是因为，，才，，的"
"4125916411739556","回复@oYEETING:哇 上面那个人是谁 我不认识不认识 哇看不下去的"
"4125915510562322","在你讲wifi信号不用太强那里我短了两次网，可怕"
"4135595859137736","@疯人院模范病人 我想把你下巴的痘痘遮掉[抓狂] src=//h5.sinaimg.cn/m/emoticon/icon/default/d_zhuakuang-fd744b17b5.png style=width:1em; height:1em;>[抓狂] src=//h5.sinaimg.cn/m/emoticon/icon/default/d_zhuakuang-fd744b17b5.png style=width:1em; height:1em;>"
"4136429125261625","真真的良心美博"
"4127152968697512","回复@_没头脑--:用他推的妆前啊"
"4126507385883145","@我们只是打了个照面呐 班主任的敬业程度[喵喵] src=//h5.sinaimg.cn/m/emoticon/icon/others/d_miao-61fe2a7aaa.png style=width:1em; height:1em;>"
"4126287473319667","竟然漏了一个视频没看！还是最符合自己状况的！笔芯～[心] src=//h5.sinaimg.cn/m/emoticon/icon/others/l_xin-6912791858.png style=width:1em; height:1em;>[心] src=//h5.sinaimg.cn/m/emoticon/icon/others/l_xin-6912791858.png style=width:1em; height:1em;>[心] src=//h5.sinaimg.cn/m/emoticon/icon/others/l_xin-6912791858.png style=width:1em; height:1em;>"
"4158110547816771","@七琪琪S"
"4135686116439640","啊啊啊我的钱[抓狂] src=//h5.sinaimg.cn/m/emoticon/icon/default/d_zhuakuang-fd744b17b5.png style=width:1em; height:1em;>@林禧大禧爷"
"4136108532598076","想问一下 遮瑕盘好用吗"
"4126968523313326","你烂脸都比他们化完妆好看[喵喵] src=//h5.sinaimg.cn/m/emoticon/icon/others/d_miao-61fe2a7aaa.png style=width:1em; height:1em;>"
"4136066564728905","看完这个视频更喜欢你了[爱你] src=//h5.sinaimg.cn/m/emoticon/icon/default/d_aini-4a23c0524a.png style=width:1em; height:1em;>"
"4137771122058349","谢谢很好用"
"4126922068072038","走心"
"4126650042381362","[haha] src=//h5.sinaimg.cn/m/emoticon/icon/others/h_haha-62cacecd90.png style=width:1em; height:1em;>[haha] src=//h5.sinaimg.cn/m/emoticon/icon/others/h_haha-62cacecd90.png style=width:1em; height:1em;>[haha] src=//h5.sinaimg.cn/m/emoticon/icon/others/h_haha-62cacecd90.png style=width:1em; height:1em;>[心] src=//h5.sinaimg.cn/m/emoticon/icon/others/l_xin-6912791858.png style=width:1em; height:1em;>[心] src=//h5.sinaimg.cn/m/emoticon/icon/others/l_xin-6912791858.png style=width:1em; height:1em;>[心] src=//h5.sinaimg.cn/m/emoticon/icon/others/l_xin-6912791858.png style=width:1em; height:1em;>"
"4131959704106300","回复@向晚姑娘hhh:哈哈哈哈哈哈好 下次怼"
"4137519425375498","@_Tchory"
"4126109098908865","满满正能量，爱你"
"4130093465242599","防晒那啥牌子"
"4127018294049535","果断关注你！勇气棒棒哒！"
"4126189994313845","我现在正需要这个教程。表白班主任[心] src=//h5.sinaimg.cn/m/emoticon/icon/others/l_xin-6912791858.png style=width:1em; height:1em;>"
"4135868111844172","赞"
"4134224862652667","@相忘于江湖ding"
"4135638393149708","看看人家，我要这手有何用"
"4150453736312845","回复@Skin-Museum:1.首先我没说我自己是专业的，另外至于皮肤屏障的问题，我确实只知角化细胞、天然保湿因子链接（不是错别字）在一起的钢铁长城脂质、皮脂，但这并不妨碍皮肤科医生告诉我，我屏障受损了。2.我自己是因为护肤不当导致受损加上这个视频是此话题，所以我会提到修复，并没有让所有人都去修复"
"4127681806920711","超适合我耶 码了"
"4138176442492689","@睨度 @NiuGui蕙hh"
"4135594504915824","回复@迟一点睡:毕竟人还是一点点消耗的[骷髏]我以前也有过皮肤咋折腾都好的时期 结果现在成了敏感干皮[淚]"
"4127728112710603","@薄荷绿的Ending"
"4136971473529018","@麻辣个楠"
"4128331936541424","回复@只爱仓央不爱佛:黑眼圈也没有那么难消呀，我用的黄色啥的眼霜都好啦，黑眼圈还得显老，难看，现在好啦，遮瑕膏都省啦"
"4134815311200114","@好难听的虫 我买了同款遮瑕盘，但是没找到正确的打开方式[二哈] src=//h5.sinaimg.cn/m/emoticon/icon/others/d_erha-0fecc90ac1.png style=width:1em; height:1em;>"
"4135526292628455","@小花营 @偷偷改名字应该没人会发现"
"4145141876854260","@白宇赤赤"
"4125813949790235","在幼儿园工作以后 烂脸是常有的事情[摊手] src=//h5.sinaimg.cn/m/emoticon/icon/default/d_tanshou-3abaa4ed77.png style=width:1em; height:1em;>[摊手] src=//h5.sinaimg.cn/m/emoticon/icon/default/d_tanshou-3abaa4ed77.png style=width:1em; height:1em;>"
"4142074872346001","@我眼睛不大zZ"
"4127645614616244","@陳贰禧"
"4126534065270385","@_杨雅迪_  你看那个遮瑕的使用"
"4127654694971775","@77HAM"
"4135598807580467","@孙惠娟不叫孙慧娟Vera"
"4136488469868909","回复@这里是迪玛希的女朋友:有一个事实就是如果本来自己就能恢复那化不化妆都没什么影响 如果本来自己就恢复不了那不化妆也不会好到哪里去的 关键是卸妆的方式要正确 过度清洁才是最伤皮肤的"
"4126904434767401","回复@就是一只小包砸:宁死不屈[哼] src=//h5.sinaimg.cn/m/emoticon/icon/default/d_heng-fe4c7da3e7.png style=width:1em; height:1em;>"
"4146830511785283","@Octopus-MJ"
"4127493906956327","回复@怪物大苗:妆后堪比彭于晏[doge] src=//h5.sinaimg.cn/m/emoticon/icon/others/d_doge-861403219c.png style=width:1em; height:1em;>"
"4127645077408296","@一个超级超级长的昵称"
"4150454025895655","回复@Skin-Museum:3.表达自己的观点，别人可以选择相信或者不信。就算我是说教，起码不是无礼讽刺"
"4135927305459946","班主任这样子好像7.8岁放学被人揍了一顿的小孩[笑cry] src=//h5.sinaimg.cn/m/emoticon/icon/default/d_xiaoku-d320324f00.png style=width:1em; height:1em;>[笑cry] src=//h5.sinaimg.cn/m/emoticon/icon/default/d_xiaoku-d320324f00.png style=width:1em; height:1em;> 这小眼神"
"4125863177877316","转发微博"
"4150451018277406","回复@其嬅:哈哈哈哈哈，其实是你自己不知道而已，皮肤的更新周期一般是28天，并且皮肤每天都会往外代谢与更新，正常人根本不用刻意修复屏障。况且，你知道到底什么是“皮肤屏障”么？哈哈哈哈，半桶水还在这里说教，笑死个人。"
"4126216015418147","回复@麻溜点小子:人家确实是特意晒黑的啦[偷笑] src=//h5.sinaimg.cn/m/emoticon/icon/default/d_touxiao-15afb1c739.png style=width:1em; height:1em;>"
"4188794850818805","抢到两双，9码10码，有意私聊"
"4188304381409249","已经剁手[污] src=//h5.sinaimg.cn/m/emoticon/icon/default/d_wu-12f8564d2b.png style=width:1em; height:1em;>"
"4188195010358960","那么，在哪里能买到呢"
"4188178455404278","可以说是很蛇皮了哈哈哈"
"4188795148805331","回复@McDermott:抢到9码10码"
"4188185246324374","@eVonne_777"
"4188192670256971","一眼看过去很像“响尾蛇”"
"4188187104277531","在哪发售？？？？"
"4188172328213443","哪能买到？"
"4188245300111821","不需要联名?需要boost"
"4188795068373224","回复@雾都郑恺:有9码10码，需要私聊"
"4188794955485745","回复@GOD铁蛋:有9码10码，具体戳微博"
"4188170624830370","你穿个蛇皮鞋？？？[思考] src=//h5.sinaimg.cn/m/emoticon/icon/default/d_sikao-c599fd085f.png style=width:1em; height:1em;>"
"4126234910398504","很酷，很特别"
"4126232469210890","我不知道自己是不是他们口中“别人家的孩子”， 可是我也一直在努力让自己成为自己喜欢的样子"
"4126310991168815","日记本就快写完了 写了一年 拿起来感觉有一吨重呢"
"4127159435647993","我去。。。我竟然看哭了。。。。。[允悲] src=//h5.sinaimg.cn/m/emoticon/icon/default/d_yunbei-9aa3c436a4.png style=width:1em; height:1em;>"
"4126473449020476","嗯嗯，喜欢"
"4126320626217262","那是不是可以回一句看看别人家的爸妈"
"4126201201450989","嗯，我喜欢就好～～"
"4126307086891764","为了自己，努力一次。"
"4126473809345038","别人家的孩纸[拜拜] src=//h5.sinaimg.cn/m/emoticon/icon/default/d_baibai-71b47dffdc.png style=width:1em; height:1em;>"
"4126219585069870","@南山_与_豆豆  虽然又是一条广告[允悲] src=//h5.sinaimg.cn/m/emoticon/icon/default/d_yunbei-9aa3c436a4.png style=width:1em; height:1em;>但还不错"
"4126320093060495","所以这是条广告。做自己喜欢的事就好。做自己就好。肆意妄为是我易燃易爆炸是我不疯不成魔是我。"
"4126310508549017","[哈哈] src=//h5.sinaimg.cn/m/emoticon/icon/default/d_haha-dd1c6d36cf.png style=width:1em; height:1em;>[哈哈] src=//h5.sinaimg.cn/m/emoticon/icon/default/d_haha-dd1c6d36cf.png style=width:1em; height:1em;>"
"4126240090156684","放飞自我，做自己真好"
"4126584535675325","后来我做了我喜欢的事， 可喜欢的人你在哪里？[抱抱] src=//h5.sinaimg.cn/m/emoticon/icon/default/d_baobao-b928ba5761.png style=width:1em; height:1em;>"
"4126218565933129","涂鸦记得戴面罩"
"4139279154289829","@卢雨潇10"
"4126217555147072","[二哈] src=//h5.sinaimg.cn/m/emoticon/icon/others/d_erha-0fecc90ac1.png style=width:1em; height:1em;>好的"
"4126217046958480","我父母每次都会说你看别人的孩子成绩怎么那么好，你的成绩为什么这么差"
"4126459443935824","嗯  我在等你哦 等你的手帐本来记录我和这个世界"
"4126234969214183","活出自己"
"4126232226571803","笛子曲破坏"
"4126472648053293","做自己喜欢的"
"4126498073916255","回复@ChMies:@阿呆无与伦比"
"4126230648749259","这是理想中的我们，随心做事[doge] src=//h5.sinaimg.cn/m/emoticon/icon/others/d_doge-861403219c.png style=width:1em; height:1em;>[doge] src=//h5.sinaimg.cn/m/emoticon/icon/others/d_doge-861403219c.png style=width:1em; height:1em;>"
"4130766062894060","第一个小哥哥请联系我[色] src=//h5.sinaimg.cn/m/emoticon/icon/default/d_huaxin-36e1b80629.png style=width:1em; height:1em;>[舔屏] src=//h5.sinaimg.cn/m/emoticon/icon/default/d_tian-fe397541e6.png style=width:1em; height:1em;>"
"4126554680108365","活成自己自己喜欢的模样 希望能活成自己喜欢的模样 336天加油"
"4126440515872437","@罗里吧嗦包师傅"
"4126263293399793","@讧円"
"4126215269070064","我就是我，不一样的烟火"
"4126473936198996","转发微博"
"4126221849808409","每次在自己家，家里的老妈就会说，你看人家那谁读书成绩多好多好。等我去到那谁家时，总会听到她妈说，你看一下你朋友(我)回家总会帮家里做家务，分轻点负担啥的，所以其实孩子还是别人家的好吗？"
"4126231626866466","选择自己喜欢的东西，并不是疯了[哆啦A梦微笑] src=//h5.sinaimg.cn/m/emoticon/icon/doraemon/dr_weixiao-c7ecdd25aa.png style=width:1em; height:1em;>"
"4126219827865068","愿下辈子没有别人家的孩子?"
"4126418667474831","yo yo yo"
"4126312040315038","@冰炎1120"
"4126478905817133","我是那个听着别人家孩子长大的自己家孩子。现在没有做自己喜欢的事，但现在做的事就是为了以后可以做自己喜欢的事。我相信任何一个人都有可能成为别人家口中的别人家的孩子。"
"4126220977325916","满分广告[允悲] src=//h5.sinaimg.cn/m/emoticon/icon/default/d_yunbei-9aa3c436a4.png style=width:1em; height:1em;>有点意思"
"4126460573265147","我还在坚持画画，虽然现在还没有成就，但我依然相信总有一天会证明自己的"
"4126275771494771","回复@_木易又点:wat[微笑] src=//h5.sinaimg.cn/m/emoticon/icon/default/d_hehe-039d0a6a8a.png style=width:1em; height:1em;>"
"4126327864915404","匆匆几十年的人生，总要做一回自己。遵从内心的选择，沿途的坎坷也会变成别样的风景！"
"4126457582357274","七号出中考成绩"
"4126273683322699","@奈何情深MLHZ  这个广告满分"
"4126512426567727","蛮有创意的广告，自己也是学媒体这个专业的"
"4126237276018976","走心了这个广告"
"4126228246276199","我喜欢我现在的样子，并不是因为我干着我喜欢的事，而是我觉得自己有长大，手里的事都能笑着认真完成，喜欢的事情也在继续，感觉有那么一点点赚钱养梦的感觉了～哈哈哈哈哈，总之我很开心。"
"4126235372363641","“活成你自己喜欢的样子就好” 我喜欢的样子？我喜欢跳舞我喜欢自由我喜欢充实我喜欢付出我喜欢不顾一切"
"4126467019382757","人生苦短及时行乐"
"4126309841879218","算是在做自己喜欢做的事情吧，我刚高中毕业，在打暑假工，想着存够钱以后自己去旅游，不再问爸爸妈妈要钱。"
"4126266683285429","回复@尤兔兔:喜欢从来就不怕太晚，怕是连自己喜欢什么都不知道，怕的是就算喜欢也不能坚持"
"4126478579528776","活成你自己喜欢的样子就好"
"4126466742309163","好吧，我也想做妈妈的骄傲，可是现在我们连在一个空间，都让我觉得拥挤，不自在。。。想逃离开这个地方，可又自我道德绑架，觉得她很辛苦了，我要听她的。"
"4162766685775339","@贩药先生的小眼睛 老婆就是这个"
"4126219362520727","想想自己！！！唉"
"4128103640826841","回复@blacklee2013:那你有撒喜欢的？"
"4132807532257804","回复@一条:真的吗"
"4126460153865918","我们终将独自长大"
"4126457201055878","不需要别人拍手叫好，活成自己喜欢的样子就好。选择是一种勇气，坚持是一种力量。[微笑] src=//h5.sinaimg.cn/m/emoticon/icon/default/d_hehe-039d0a6a8a.png style=width:1em; height:1em;>"
"4126505070687676","我想他们一定没时间，也不会在网上发牢骚吧[爱你] src=//h5.sinaimg.cn/m/emoticon/icon/default/d_aini-4a23c0524a.png style=width:1em; height:1em;>"
"4126477044173548","我就是别人家的，孩子"
"4126426779609196","生活的方式不只一种"
"4126464376587912","嗯在做喜欢的事情[doge] src=//h5.sinaimg.cn/m/emoticon/icon/others/d_doge-861403219c.png style=width:1em; height:1em;>"
"4126220880470016","想活成自己喜欢的样子却总是屈服于现实，只能怪我自己不够勇敢"
"4126203352616543","活成自己喜欢的样子，好难啊，但我会坚持"
"4126458765114926","哇噻"
"4126469040672759","回复@下垂眼_Sun:我也是诶"
"4126258725484529","我们都是别人家的孩子"
"4126627606858681","回复@鑫鑫鑫媛媛媛:看完视频感觉自己会赚大钱"
"4127008574832838","回复@Mary说故事:我也是[doge] src=//h5.sinaimg.cn/m/emoticon/icon/others/d_doge-861403219c.png style=width:1em; height:1em;>[摊手] src=//h5.sinaimg.cn/m/emoticon/icon/default/d_tanshou-3abaa4ed77.png style=width:1em; height:1em;>"
"4126316645068092","[doge] src=//h5.sinaimg.cn/m/emoticon/icon/others/d_doge-861403219c.png style=width:1em; height:1em;>小学成绩前三，老爹看着邻居家成绩一般的小朋友周末补课，对我说你看人家多认真，你就只知道玩！到了初中，我成绩大幅度下降，也乖乖去补课了。老爹曰：你个不争气的，看人家，周末就好好耍去了，劳逸结合，你活该，谁叫你上课不认真。总之，学生时代，同样事，老爹有两种标准！"
"4129820965169949","做自己喜欢的样子?"
"4126206225595204","转发微博"
"4126218758377398","@无限的小王几"
"4126681691721026","做喜欢的事，走自己想走往的方向。我们无需刻意成为那些“别人家的孩子”，所谓人生是“我”在过，感受其中带来的自在才最重要。"
"4126461600259737","活成自己喜欢的样子真好"
"4126317929090648","我羡慕能做自己喜欢事情的人，我高考没发挥好，分数不够不能做我想做的事，也去不到我想去的城市[伤心] src=//h5.sinaimg.cn/m/emoticon/icon/others/l_shangxin-934f730572.png style=width:1em; height:1em;>"
"4126230112436586","拍摄+学Ps+学英语，是的。这是我喜欢的事√"
"4126468520687543","喜欢现在，能悠闲地刷微博"
"4126225410189739","我喜欢什么呢"
"4129711820844953","我觉得很好 也想活成自己想要的样子"
"4126209392592478","嘿嘿"
"4126804849961052","他们都太tm的帅了"
"4126229038297494","别人家的孩子会希望成为自己家的孩子，我已经20岁了，没有在做自己喜欢的事，在念着一个不怎么感兴趣的专业，但是认识了一群很感兴趣的人，我正在思考，我喜欢的事"
"4126466872935773","想要"
"4126244297728347","大概这就是活出自己的样子吧"
"4126210071950780","吾乐意真的好重要，该早点"
"4126571843423182","希望我们也都变成自己喜欢的样子"
"4126459075323870","今年高考发挥失常，和家长要求复读一年，希望一年后，我也是他们口中的别人家的孩子"
"4126463034162486","每个人都有自己的人生，或许在别人眼里一无所成，只要是自己认为正确的就坚持下去，未来，谁说的准呢。"
"4126505678137927","[求关注] src=//h5.sinaimg.cn/m/emoticon/icon/lxh/lxh_qiuguanzhu-9953fab258.png style=width:1em; height:1em;>"
"4126364619617434","不是吧"
"4126331996771501","做自己喜欢的事"
"4126474283649900","活出自己   爱上甜品  所以走上家里人都不太支持的路  和朋友经验着甜品工作室  从最简单的开始"
"4137056147812568","不过后悔的人生  也不想成为别人家的孩子"
"4126225435883001","没有，现在还在读书，希望以后能活得自由快乐！"
"4126848365052146","向往的生活"
"4126320529677430","或许一辈子都普通的自己，只是差那么点执着的信念。[允悲] src=//h5.sinaimg.cn/m/emoticon/icon/default/d_yunbei-9aa3c436a4.png style=width:1em; height:1em;>"
"4126574288407024","喜欢手工吧 动手的活都喜欢"
"4126323469325363","涂鸦那个  从颜值上就已经赢了"
"4126318281112813","[二哈] src=//h5.sinaimg.cn/m/emoticon/icon/others/d_erha-0fecc90ac1.png style=width:1em; height:1em;>"
"4126215877212043","唉"
"4126306516146538","活成你自己喜欢的样子就好"
"4126296428768420","我喜欢拖拉拖延[摊手] src=//h5.sinaimg.cn/m/emoticon/icon/default/d_tanshou-3abaa4ed77.png style=width:1em; height:1em;>"
"4126468554876269","我愿成寒冷孤独的星   也不愿成平凡碌为的人"
"4126400766537127","手帐"
"4126466574344121","我只要有了休息日，都是会背包旅行，虽然父母一直反对和担心，但能利用有限的时间去每个地方走一走，是我一直努力的生活方式"
"4126570186319497","在寻找自己的路上。。。。"
"4126276334045856","回复@_木易又点:不不不你看上去一点都不好我的爽"
"4126467513945078","希望自己过的快乐，褪去失落，做真正的自我@一条"
"4126453211361287","为求温饱，只有少部分时间做自己喜欢做的事"
"4126228950286514","我就不是别人家的孩子[摊手] src=//h5.sinaimg.cn/m/emoticon/icon/default/d_tanshou-3abaa4ed77.png style=width:1em; height:1em;>"
"4126325901950140","有人说“人生要学会两件事，第一件事是做自己喜欢做的事，第二件事是挣钱养活自己”"
"4126486820868630","别人家的孩子@LIUKE琉小沫"
"4126473407574191","好喜欢"
"4126203541738243","[doge] src=//h5.sinaimg.cn/m/emoticon/icon/others/d_doge-861403219c.png style=width:1em; height:1em;>[doge] src=//h5.sinaimg.cn/m/emoticon/icon/others/d_doge-861403219c.png style=width:1em; height:1em;>[doge] src=//h5.sinaimg.cn/m/emoticon/icon/others/d_doge-861403219c.png style=width:1em; height:1em;>[doge] src=//h5.sinaimg.cn/m/emoticon/icon/others/d_doge-861403219c.png style=width:1em; height:1em;>[doge] src=//h5.sinaimg.cn/m/emoticon/icon/others/d_doge-861403219c.png style=width:1em; height:1em;>"
"4126239284933397","回复@陶小小小雅:哈哈哈，没错没错[爱你] src=//h5.sinaimg.cn/m/emoticon/icon/default/d_aini-4a23c0524a.png style=width:1em; height:1em;>"
"4126539215554734","@Xmasir  这个广告很带劲啊"
"4126271195471795","我没有活成别人家的孩子，抱歉，我只是平庸的活着。"
"4126227398793998","心疼下自家孩子吧[污] src=//h5.sinaimg.cn/m/emoticon/icon/default/d_wu-12f8564d2b.png style=width:1em; height:1em;>[污] src=//h5.sinaimg.cn/m/emoticon/icon/default/d_wu-12f8564d2b.png style=width:1em; height:1em;>[污] src=//h5.sinaimg.cn/m/emoticon/icon/default/d_wu-12f8564d2b.png style=width:1em; height:1em;>"
"4126205286060496","7"
"4126472715703754","浓浓的广告[二哈] src=//h5.sinaimg.cn/m/emoticon/icon/others/d_erha-0fecc90ac1.png style=width:1em; height:1em;>"
"4126208452690661","唯愿无事常相见"
"4126462975430486","@cccandor"
"4126233681917479","哈喽~这里?"
"4126471137595890","一直努力成为别人家的孩子   终于成了别人家的孩子，的反面教材！ 评论配图"
"4126307195475050","理科总是不好，从来不争班里第一，现在在TPP做着公益，帮助那些自闭症的孩们，15的我，在做自己喜欢的事。"
"4126458630348950","活成自己喜欢的样子就好[心] src=//h5.sinaimg.cn/m/emoticon/icon/others/l_xin-6912791858.png style=width:1em; height:1em;>"
"4126305571834202","然而我妈现在还在我面前说别人家那个女儿多么勤快能干，才上三年级。然而我已经25岁。这样真的可以比[黑线] src=//h5.sinaimg.cn/m/emoticon/icon/default/d_heixian-bde08b426c.png style=width:1em; height:1em;>[黑线] src=//h5.sinaimg.cn/m/emoticon/icon/default/d_heixian-bde08b426c.png style=width:1em; height:1em;>[黑线] src=//h5.sinaimg.cn/m/emoticon/icon/default/d_heixian-bde08b426c.png style=width:1em; height:1em;>"
"4129011741137020","回复@blacklee2013:我看过这个了"
"4127003969812845","回复@一条:?"
"4126229399481034","没钱说个j8"
"4126204539322485","不再有别人的身影[爱你] src=//h5.sinaimg.cn/m/emoticon/icon/default/d_aini-4a23c0524a.png style=width:1em; height:1em;>"
"4130073264932248","回复@歌哥Y:[委屈] src=//h5.sinaimg.cn/m/emoticon/icon/default/d_weiqu-b069337758.png style=width:1em; height:1em;>[委屈] src=//h5.sinaimg.cn/m/emoticon/icon/default/d_weiqu-b069337758.png style=width:1em; height:1em;>"
"4126469129111403","真棒?"
"4126232696439293","回复@尹嘉豪同學:看到了凯凯的头像[太开心] src=//h5.sinaimg.cn/m/emoticon/icon/default/d_taikaixin-97bd3f82d6.png style=width:1em; height:1em;>"
"4126700939567054","图片评论 评论配图"
"4126307220666447","车不错"
"4126310848164131","别人家的父母，回过去就好了。"
"4126469606639792","[二哈] src=//h5.sinaimg.cn/m/emoticon/icon/others/d_erha-0fecc90ac1.png style=width:1em; height:1em;>"
"4126958436513453","回复@一条:我以为我中了，仔细一看是别人[泪] src=//h5.sinaimg.cn/m/emoticon/icon/default/d_lei-1b4b02f8b1.png style=width:1em; height:1em;>[泪] src=//h5.sinaimg.cn/m/emoticon/icon/default/d_lei-1b4b02f8b1.png style=width:1em; height:1em;>[泪] src=//h5.sinaimg.cn/m/emoticon/icon/default/d_lei-1b4b02f8b1.png style=width:1em; height:1em;>"
"4126462770552950","我也在努力的活成别人口中的：别人家的孩子真棒"
"4126237796960630","如果能找到自己喜欢的并坚持做下去真的很好"
"4126202308455188","一条越做越好了。好多内容都特别喜欢，又有新意。这次活成自己想要的模样理念也一直是我自己心里的座右铭。坚持做自己，过自己想要的生活，很重要。"
"4127013944066584","看到最后居然是广告，很不错的广告，活成自己喜欢的样子，就好！"
"4126226727236406","我想做别人家的孩子"
"4126284898317348","[可爱] src=//h5.sinaimg.cn/m/emoticon/icon/default/d_keai-7a5bf88086.png style=width:1em; height:1em;>[可爱] src=//h5.sinaimg.cn/m/emoticon/icon/default/d_keai-7a5bf88086.png style=width:1em; height:1em;>[可爱] src=//h5.sinaimg.cn/m/emoticon/icon/default/d_keai-7a5bf88086.png style=width:1em; height:1em;>"
"4126276111710364","回复@_木易又点:你是怎么了我的爽"
"4126247485911056","做自己喜欢的事很开心啊"
"4126598967939825","做自己就好"
"4126311511536236","爱你"
"4126329370413621","@接地气的美少男"
"4126458849385870","做自己喜欢的@七八先森"
"4126318293705841","[good] src=//h5.sinaimg.cn/m/emoticon/icon/others/h_good-644bcfa993.png style=width:1em; height:1em;>[心] src=//h5.sinaimg.cn/m/emoticon/icon/others/l_xin-6912791858.png style=width:1em; height:1em;>#电影心理罪定档811##李易峰心理罪方木#"
"4126228950986779","我不想和别人比 我的天 一点也不想"
"4126235070335469","别人家的孩子[飞机] src=//h5.sinaimg.cn/m/emoticon/icon/others/o_feiji-d02d2841f1.png style=width:1em; height:1em;>[飞机] src=//h5.sinaimg.cn/m/emoticon/icon/others/o_feiji-d02d2841f1.png style=width:1em; height:1em;>[飞机] src=//h5.sinaimg.cn/m/emoticon/icon/others/o_feiji-d02d2841f1.png style=width:1em; height:1em;>"
"4126316624383530","999个赞，这个广告真的超赞"
"4126213721506335","有才能的人羡慕"
"4126637450334797","回复@Xmasir:[偷笑] src=//h5.sinaimg.cn/m/emoticon/icon/default/d_touxiao-15afb1c739.png style=width:1em; height:1em;>[偷笑] src=//h5.sinaimg.cn/m/emoticon/icon/default/d_touxiao-15afb1c739.png style=width:1em; height:1em;>[偷笑] src=//h5.sinaimg.cn/m/emoticon/icon/default/d_touxiao-15afb1c739.png style=width:1em; height:1em;>"
"4126210336957958","七喜打的好广告"
"4126460153221787","其实只要是自己喜欢，觉得幸福，做什么都好"
"4126237104966329","做自己喜欢的就好"
"4130275045194052","人要是只为自己活着，人生还有什么意义呢。把自己看那么重真的好？这是自私还是自强。"
"4126226996223187","现在做着爹妈安排的工作 下班后的兴趣爱好就是涂涂画画 爹妈说别累着了 我说这才是我休息的方式[微笑] src=//h5.sinaimg.cn/m/emoticon/icon/default/d_hehe-039d0a6a8a.png style=width:1em; height:1em;>"
"4126230594209664","我的freestyle[二哈] src=//h5.sinaimg.cn/m/emoticon/icon/others/d_erha-0fecc90ac1.png style=width:1em; height:1em;>"
"4126236638671254","[doge] src=//h5.sinaimg.cn/m/emoticon/icon/others/d_doge-861403219c.png style=width:1em; height:1em;>可惜不是你"
"4126933513765933","去实现自己喜欢的，并不是疯了"
"4126476997307303","别人家的熊孩子[允悲] src=//h5.sinaimg.cn/m/emoticon/icon/default/d_yunbei-9aa3c436a4.png style=width:1em; height:1em;>"
"4131563962471303","现在也成了别人家的孩子，活出自我就好"
"4126202156971447","@MENKEI_LAM"
"4126295677725463","@ChMies  送手帐本哎"
"4126230918179581","小时候是“别人家的孩子”，现在。。。不忍看自己现在。。。[允悲] src=//h5.sinaimg.cn/m/emoticon/icon/default/d_yunbei-9aa3c436a4.png style=width:1em; height:1em;>"
"4126501848843714","我妈也这样说，我一般都会回:那也是别人生的，你生的也就这样了[摊手] src=//h5.sinaimg.cn/m/emoticon/icon/default/d_tanshou-3abaa4ed77.png style=width:1em; height:1em;>"
"4126226828136871","现在的我本该在学校读书  成绩优秀的我被老师几次家访一定要去上学 但是我觉得上学遥遥无期 从小到大对父母百依百顺 没学过任何特长  去年16岁的我选择了跆拳道  拳击"
"4126846285678318","做自己 点赞"
"4126223665972009","喜欢就好，7。"
"4126500057590389","想要"
"4126559524829568","回复@一条神经人:[doge] src=//h5.sinaimg.cn/m/emoticon/icon/others/d_doge-861403219c.png style=width:1em; height:1em;>"
"4126473142706063","等你长大了，还是别人的孩子[泪] src=//h5.sinaimg.cn/m/emoticon/icon/default/d_lei-1b4b02f8b1.png style=width:1em; height:1em;>"
"4126477815588295","转发微博"
"4126206892525598","6"
"4126237108261482","活成自己想要的样子"
"4126275553237735","回复@_木易又点:凳子那个么"
"4126470366231919","以前总被拿去和别人家的孩子对比，自己哪哪都是缺点。随着逐渐长大，不管是想法做人做事都开始改变。现在即使很小的事，也会被父母当做炫耀的资本。你很棒，你只是还在成长的道路上不知所措。恍然大悟那天，你就是那个别人家的孩子。"
"4126309368649546","不做别人家的孩子，我要做自己！"
"4126470005176782","抽风我"
"4126225997264389","还有，选我哦！[委屈] src=//h5.sinaimg.cn/m/emoticon/icon/default/d_weiqu-b069337758.png style=width:1em; height:1em;>"
"4126499097541606","这广告很强势[哈哈] src=//h5.sinaimg.cn/m/emoticon/icon/default/d_haha-dd1c6d36cf.png style=width:1em; height:1em;>[哈哈] src=//h5.sinaimg.cn/m/emoticon/icon/default/d_haha-dd1c6d36cf.png style=width:1em; height:1em;>[哈哈] src=//h5.sinaimg.cn/m/emoticon/icon/default/d_haha-dd1c6d36cf.png style=width:1em; height:1em;>[哈哈] src=//h5.sinaimg.cn/m/emoticon/icon/default/d_haha-dd1c6d36cf.png style=width:1em; height:1em;>"
"4126230414867705","里面女的是谁 能告诉我吗"
"4126222415726896","别人家的孩子和妈都是好的"
"4126227885705340","@我是丸子姑娘呀"
"4126496290784030","有道理"
"4126462141181274","努力一年高考加油"
"4126233614680945","做自己就好"
"4126407296250082","还没找到自己真正喜欢的事"
"4126204673568527","@柿多啤梨美少女战士 像你 评论配图"
"4137100209103188","我还是扛不住父母的唠叨，不做自己喜欢做的事情了"
"4126327835220016","别人家谁谁谁，真心听够了。[微笑] src=//h5.sinaimg.cn/m/emoticon/icon/default/d_hehe-039d0a6a8a.png style=width:1em; height:1em;>"
"4126241538313477","喜欢结尾"
"4126223645360986","成为了自己最想成为的人，也变成了曾经自己最厌恶的人"
"4126327327563464","才发现这是个广告"
"4126231332572471","come哦那"
"4126462204163294","听歌看书追剧学英语，偶尔还画画再看看电影让自己感动得眼泪哗啦啦，每天拉拉筋，练练一字马……这确实是我喜欢的生活，而且我正在过着呢?"
"4126468839196239","做自己喜欢的不是疯了，而是快乐，[赞] src=//h5.sinaimg.cn/m/emoticon/icon/others/h_zan-e3d1e596da.png style=width:1em; height:1em;>[good] src=//h5.sinaimg.cn/m/emoticon/icon/others/h_good-644bcfa993.png style=width:1em; height:1em;>"
"4126293308450483","回复@real__pcyxxx:有思想有创意有共鸣"
"4126438695102301","@游倩咧 宝贝来玩[拳头] src=//h5.sinaimg.cn/m/emoticon/icon/others/h_quantou-0a4441543d.png style=width:1em; height:1em;>"
"4126217248340458","@用户6168073093 别人家的孩子"
"4126320663401528","@京ByHy002"
"4126233924697393","别人的孩子只是别人家"
"4126595347786885","谁又不想活成自己喜欢的样子呢，有谁能真正的不去看别人的眼光呢？"
"4126245778251998","哪想违背自己初衷 可“违心”这词就是存在 很抱歉 并没有在做自己喜欢的事"
"4129837561866621","很庆幸自己的父母没有对我说过这样的话。"
"4126228107523446","@God芒"
"4126206318025208","求妹子id~"
"4126236021798067","哈哈，活成自己喜欢的样子～"
"4126477207554998","真的，活成自己的样子很好，很棒。但需要努力去做。加油"
"4127205992551139","@PPPPajama"
"4126319090315214","我喜欢打篮球，然后 …… 没有然后了。"
"4126207979118491","回复@养猪模范生:哎哟 有点点"
"4126542122192843","回复@瞤乚:[并不简单] src=//h5.sinaimg.cn/m/emoticon/icon/default/d_bingbujiandan-e0c6936005.png style=width:1em; height:1em;>可以呀，没问题[二哈] src=//h5.sinaimg.cn/m/emoticon/icon/others/d_erha-0fecc90ac1.png style=width:1em; height:1em;>"
"4126236198148383","回复@李大VVVVVV:很棒的广告"
"4126203663026525","是的，一直在做自己的事。不想活成别人口中的样子，只想活成自己的样子。"
"4126213474106847","为了能够在未来自由追求自己想要的生活，现在正在全身心地努力[微笑] src=//h5.sinaimg.cn/m/emoticon/icon/default/d_hehe-039d0a6a8a.png style=width:1em; height:1em;>"
"4126467304239217","你喜欢过什么吗 那些事情不必让别人叫好 ?"
"4126222918709874","曾经的梦想现在的笑话"
"4130236520198509","@hi_芳哥"
"4126457943096862","想要活出自己的样子"
"4126201323045072","活成自己喜欢的样子就好"
